wfo,utc_issue,utc_expire,utc_prodissue,utc_init_expire,phenomena,gtype,significance,eventid,status,ugc,area2d,utc_updated,hvtec_nwsli,hvtec_severity,hvtec_cause,hvtec_record,is_emergency,utc_polygon_begin,utc_polygon_end,windtag,hailtag,tornadotag,damagetag,product_id,fcster,vtec_year
LOT,2005-06-27 00:09,2005-06-27 00:48,2005-06-27 00:09,200506270100,SV,P,W,69,NEW,,407.64771935640175,2005-06-27 00:09,,,,,False,2005-06-27 00:09,2005-06-27 00:36,,,,,200506270009-KLOT-WUUS53-SVRLOT,WILSON,2005
LOT,2005-07-25 14:43,2005-07-25 15:03,2005-07-25 14:43,200507251530,SV,P,W,89,NEW,,1064.700448061852,2005-07-25 14:43,,,,,False,2005-07-25 14:43,2005-07-25 15:03,,,,,200507251443-KLOT-WUUS53-SVRLOT,,2005
LOT,2005-07-26 04:45,2005-07-26 05:26,2005-07-26 04:45,200507260530,SV,P,W,92,NEW,,1947.0219251428912,2005-07-26 04:45,,,,,False,2005-07-26 04:45,2005-07-26 05:03,,,,,200507260445-KLOT-WUUS53-SVRLOT,BRUMER,2005
LOT,2005-03-30 21:31,2005-03-30 22:15,2005-03-30 21:31,200503302215,SV,P,W,2,NEW,,1064.9246225098648,2005-03-30 21:31,,,,,False,2005-03-30 21:31,2005-03-30 22:15,,,,,200503302131-KLOT-WUUS53-SVRLOT,KREIN,2005
LOT,2005-05-13 18:26,2005-05-13 18:45,2005-05-13 18:26,200505131845,SV,P,W,23,NEW,,454.4093817831576,2005-05-13 18:26,,,,,False,2005-05-13 18:26,2005-05-13 18:45,,,,,200505131826-KLOT-WUUS53-SVRLOT,FISHER,2005
LOT,2005-06-04 19:09,2005-06-04 19:50,2005-06-04 19:09,200506042000,SV,P,W,42,NEW,,799.0438502188063,2005-06-04 19:09,,,,,False,2005-06-04 19:09,2005-06-04 19:30,,,,,200506041909-KLOT-WUUS53-SVRLOT,KREIN,2005
LOT,2005-07-04 18:11,2005-07-04 18:58,2005-07-04 18:11,200507041900,SV,P,W,75,NEW,,1361.548457445943,2005-07-04 18:11,,,,,False,2005-07-04 18:11,2005-07-04 18:28,,,,,200507041811-KLOT-WUUS53-SVRLOT,MERZLOCK,2005
LOT,2005-03-31 01:05,2005-03-31 02:00,2005-03-31 01:05,200503310200,SV,P,W,13,NEW,,1156.4193924487215,2005-03-31 01:05,,,,,False,2005-03-31 01:05,2005-03-31 02:00,,,,,200503310105-KLOT-WUUS53-SVRLOT,KREIN,2005
LOT,2005-10-02 22:27,2005-10-02 22:58,2005-10-02 22:27,200510022300,SV,P,W,121,NEW,,890.2890107506452,2005-10-02 22:27,,,,,False,2005-10-02 22:27,2005-10-02 22:48,,,,,200510022227-KLOT-WUUS53-SVRLOT,KREIN,2005
LOT,2005-06-14 01:14,2005-06-14 01:48,2005-06-14 01:14,200506140200,SV,P,W,66,NEW,,2629.0321789113723,2005-06-14 01:14,,,,,False,2005-06-14 01:14,2005-06-14 01:35,,,,,200506140114-KLOT-WUUS53-SVRLOT,RATZER,2005
LOT,2005-11-06 04:44,2005-11-06 05:25,2005-11-06 04:44,200511060530,SV,P,W,126,NEW,,2423.838170166644,2005-11-06 04:44,,,,,False,2005-11-06 04:44,2005-11-06 05:04,,,,,200511060444-KLOT-WUUS53-SVRLOT,MARSILI,2005
LOT,2005-07-26 23:08,2005-07-26 23:58,2005-07-26 23:08,200507270000,TO,P,W,10,NEW,,1334.485783066479,2005-07-26 23:08,,,,,False,2005-07-26 23:08,2005-07-26 23:26,,,,,200507262308-KLOT-WFUS53-TORLOT,FISHER,2005
LOT,2005-05-19 21:44,2005-05-19 22:30,2005-05-19 21:44,200505192230,SV,P,W,30,NEW,,433.8871652197234,2005-05-19 21:44,,,,,False,2005-05-19 21:44,2005-05-19 22:05,,,,,200505192144-KLOT-WUUS53-SVRLOT,RATZER,2005
LOT,2005-03-31 02:15,2005-03-31 02:30,2005-03-31 02:15,200503310230,SV,P,W,17,NEW,,1778.9971337384998,2005-03-31 02:15,,,,,False,2005-03-31 02:15,2005-03-31 02:30,,,,,200503310215-KLOT-WUUS53-SVRLOT,TRS,2005
LOT,2005-06-07 21:17,2005-06-07 22:00,2005-06-07 21:17,200506072200,SV,P,W,54,NEW,,738.7661530260456,2005-06-07 21:17,,,,,False,2005-06-07 21:17,2005-06-07 21:33,,,,,200506072117-KLOT-WUUS53-SVRLOT,MARSILI,2005
LOT,2005-05-11 11:44,2005-05-11 12:15,2005-05-11 11:44,200505111215,SV,P,W,20,NEW,,1405.929466993571,2005-05-11 11:44,,,,,False,2005-05-11 11:44,2005-05-11 12:09,,,,,200505111144-KLOT-WUUS53-SVRLOT,MERZLOCK,2005
LOT,2005-09-13 23:11,2005-09-14 00:45,2005-09-13 23:11,200509140045,MA,P,W,20,NEW,,5834.018424283636,2005-09-13 23:11,,,,,False,2005-09-13 23:11,2005-09-14 00:45,,,,,200509132311-KLOT-WHUS53-SMWLOT,FISHER,2005
LOT,2005-06-04 22:35,2005-06-05 01:30,2005-06-04 22:35,200506050130,FF,P,W,1,NEW,,1336.848897102342,2005-06-04 22:35,,,,,False,2005-06-04 22:35,2005-06-05 00:02,,,,,200506042235-KLOT-WGUS53-FFWLOT-CCA,WILSON,2005
LOT,2005-06-04 17:15,2005-06-04 18:15,2005-06-04 17:15,200506041815,SV,P,W,38,NEW,,2090.591853442109,2005-06-04 17:15,,,,,False,2005-06-04 17:15,2005-06-04 17:38,,,,,200506041715-KLOT-WUUS53-SVRLOT,MERZLOCK,2005
LOT,2005-07-20 16:58,2005-07-20 18:30,2005-07-20 16:58,200507201830,MA,P,W,13,NEW,,6153.242865893155,2005-07-20 16:58,,,,,False,2005-07-20 16:58,2005-07-20 18:30,,,,,200507201658-KLOT-WHUS53-SMWLOT,FISHER,2005
LOT,2005-09-19 21:34,2005-09-19 22:07,2005-09-19 21:34,200509192215,SV,P,W,105,NEW,,447.2975345087076,2005-09-19 21:34,,,,,False,2005-09-19 21:34,2005-09-19 21:56,,,,,200509192134-KLOT-WUUS53-SVRLOT,,2005
LOT,2005-09-13 23:52,2005-09-14 00:08,2005-09-13 23:52,200509140030,SV,P,W,104,NEW,,520.9329250864422,2005-09-13 23:52,,,,,False,2005-09-13 23:52,2005-09-14 00:08,,,,,200509132352-KLOT-WUUS53-SVRLOT,,2005
LOT,2005-05-11 11:19,2005-05-11 11:45,2005-05-11 11:19,200505111145,SV,P,W,19,NEW,,1419.9677685945437,2005-05-11 11:19,,,,,False,2005-05-11 11:19,2005-05-11 11:35,,,,,200505111119-KLOT-WUUS53-SVRLOT,MERZLOCK,2005
LOT,2005-09-22 21:49,2005-09-22 22:30,2005-09-22 21:49,200509222230,SV,P,W,108,NEW,,802.9197699159322,2005-09-22 21:49,,,,,False,2005-09-22 21:49,2005-09-22 22:13,,,,,200509222149-KLOT-WUUS53-SVRLOT,WILSON,2005
LOT,2005-08-19 07:23,2005-08-19 07:55,2005-08-19 07:23,200508190815,SV,P,W,100,NEW,,2120.9830157087795,2005-08-19 07:23,,,,,False,2005-08-19 07:23,2005-08-19 07:55,,,,,200508190723-KLOT-WUUS53-SVRLOT,MERZLOCK,2005
LOT,2005-05-19 22:23,2005-05-19 23:15,2005-05-19 22:23,200505192315,SV,P,W,34,NEW,,465.194347132612,2005-05-19 22:23,,,,,False,2005-05-19 22:23,2005-05-19 22:51,,,,,200505192223-KLOT-WUUS53-SVRLOT,RATZER,2005
LOT,2005-05-19 22:11,2005-05-19 22:15,2005-05-19 22:11,200505192215,SV,P,W,32,NEW,,525.0292740545611,2005-05-19 22:11,,,,,False,2005-05-19 22:11,2005-05-19 22:15,,,,,200505192211-KLOT-WUUS53-SVRLOT,KREIN,2005
LOT,2005-09-22 18:56,2005-09-22 19:15,2005-09-22 18:56,200509221930,SV,P,W,107,NEW,,220.7674525433373,2005-09-22 18:56,,,,,False,2005-09-22 18:56,2005-09-22 19:15,,,,,200509221856-KLOT-WUUS53-SVRLOT,LABAS,2005
LOT,2005-03-31 00:38,2005-03-31 01:45,2005-03-31 00:38,200503310145,SV,P,W,11,NEW,,776.8406726164264,2005-03-31 00:38,,,,,False,2005-03-31 00:38,2005-03-31 01:45,,,,,200503310038-KLOT-WUUS53-SVRLOT,KREIN,2005
LOT,2005-05-19 20:39,2005-05-19 21:15,2005-05-19 20:39,200505192115,SV,P,W,24,NEW,,791.5407111772251,2005-05-19 20:39,,,,,False,2005-05-19 20:39,2005-05-19 20:55,,,,,200505192039-KLOT-WUUS53-SVRLOT,,2005
LOT,2005-07-26 21:44,2005-07-26 22:10,2005-07-26 21:44,200507262215,TO,P,W,9,NEW,,291.66312539494504,2005-07-26 21:44,,,,,False,2005-07-26 21:44,2005-07-26 21:59,,,,,200507262144-KLOT-WFUS53-TORLOT,FISHER,2005
LOT,2005-06-11 00:13,2005-06-11 01:00,2005-06-11 00:13,200506110100,SV,P,W,62,NEW,,936.7762795139952,2005-06-11 00:13,,,,,False,2005-06-11 00:13,2005-06-11 00:30,,,,,200506110013-KLOT-WUUS53-SVRLOT,,2005
LOT,2005-05-19 21:24,2005-05-19 22:15,2005-05-19 21:24,200505192215,SV,P,W,28,NEW,,759.2355432470921,2005-05-19 21:24,,,,,False,2005-05-19 21:24,2005-05-19 21:38,,,,,200505192124-KLOT-WUUS53-SVRLOT,KREIN,2005
LOT,2005-06-05 02:55,2005-06-05 03:45,2005-06-05 02:55,200506050345,SV,P,W,46,NEW,,721.6166890798964,2005-06-05 02:55,,,,,False,2005-06-05 02:55,2005-06-05 03:15,,,,,200506050255-KLOT-WUUS53-SVRLOT,KREIN,2005
LOT,2005-08-05 00:05,2005-08-05 00:30,2005-08-05 00:05,200508050030,SV,P,W,97,NEW,,985.059283031458,2005-08-05 00:05,,,,,False,2005-08-05 00:05,2005-08-05 00:21,,,,,200508050005-KLOT-WUUS53-SVRLOT,MERZLOCK,2005
LOT,2005-05-19 20:52,2005-05-19 21:15,2005-05-19 20:52,200505192115,SV,P,W,25,NEW,,931.999237580782,2005-05-19 20:52,,,,,False,2005-05-19 20:52,2005-05-19 21:07,,,,,200505192052-KLOT-WUUS53-SVRLOT,RATZER,2005
LOT,2005-06-06 03:11,2005-06-06 03:44,2005-06-06 03:11,200506060345,SV,P,W,53,NEW,,324.79464495787914,2005-06-06 03:11,,,,,False,2005-06-06 03:11,2005-06-06 03:21,,,,,200506060311-KLOT-WUUS53-SVRLOT,KREIN,2005
LOT,2005-03-31 01:41,2005-03-31 02:45,2005-03-31 01:41,200503310245,SV,P,W,15,NEW,,1025.9342285573107,2005-03-31 01:41,,,,,False,2005-03-31 01:41,2005-03-31 02:45,,,,,200503310141-KLOT-WUUS53-SVRLOT,KREIN,2005
LOT,2005-07-21 23:54,2005-07-22 00:45,2005-07-21 23:54,200507220045,SV,P,W,84,NEW,,1081.041355877726,2005-07-21 23:54,,,,,False,2005-07-21 23:54,2005-07-22 00:12,,,,,200507212354-KLOT-WUUS53-SVRLOT,BRUMER,2005
LOT,2005-08-18 15:14,2005-08-18 15:33,2005-08-18 15:14,200508181600,SV,P,W,99,NEW,,1414.0846082694543,2005-08-18 15:14,,,,,False,2005-08-18 15:14,2005-08-18 15:33,,,,,200508181514-KLOT-WUUS53-SVRLOT,LABAS,2005
LOT,2005-07-06 21:38,2005-07-06 22:10,2005-07-06 21:38,200507062230,SV,P,W,76,NEW,,301.74136537591625,2005-07-06 21:38,,,,,False,2005-07-06 21:38,2005-07-06 22:10,,,,,200507062138-KLOT-WUUS53-SVRLOT,WILSON,2005
LOT,2005-09-22 18:51,2005-09-22 20:15,2005-09-22 18:51,200509222015,MA,P,W,21,NEW,,3368.7160563829,2005-09-22 18:51,,,,,False,2005-09-22 18:51,2005-09-22 20:15,,,,,200509221851-KLOT-WHUS53-SMWLOT,WILSON,2005
LOT,2005-10-02 20:11,2005-10-02 20:55,2005-10-02 20:11,200510022100,SV,P,W,113,NEW,,1678.1499147096804,2005-10-02 20:11,,,,,False,2005-10-02 20:11,2005-10-02 20:24,,,,,200510022011-KLOT-WUUS53-SVRLOT,KREIN,2005
LOT,2005-07-22 00:42,2005-07-22 01:09,2005-07-22 00:42,200507220130,SV,P,W,86,NEW,,1246.623625713271,2005-07-22 00:42,,,,,False,2005-07-22 00:42,2005-07-22 00:59,,,,,200507220042-KLOT-WUUS53-SVRLOT,BRUMER,2005
LOT,2005-10-02 21:14,2005-10-02 22:00,2005-10-02 21:14,200510022200,SV,P,W,116,NEW,,842.5935125476602,2005-10-02 21:14,,,,,False,2005-10-02 21:14,2005-10-02 21:36,,,,,200510022114-KLOT-WUUS53-SVRLOT,MARSILI,2005
LOT,2005-06-30 00:15,2005-06-30 00:42,2005-06-30 00:15,200506300045,SV,P,W,71,NEW,,1172.7965857171473,2005-06-30 00:15,,,,,False,2005-06-30 00:15,2005-06-30 00:25,,,,,200506300015-KLOT-WUUS53-SVRLOT,MERZLOCK,2005
LOT,2005-06-29 16:50,2005-06-29 17:30,2005-06-29 16:50,200506291730,SV,P,W,70,NEW,,965.7975088550512,2005-06-29 16:50,,,,,False,2005-06-29 16:50,2005-06-29 17:20,,,,,200506291650-KLOT-WUUS53-SVRLOT,WILSON,2005
LOT,2005-09-19 21:39,2005-09-19 22:23,2005-09-19 21:39,200509192230,SV,P,W,106,NEW,,1715.5503874286942,2005-09-19 21:39,,,,,False,2005-09-19 21:39,2005-09-19 21:57,,,,,200509192139-KLOT-WUUS53-SVRLOT,MERZLOCK,2005
LOT,2005-06-05 19:24,2005-06-05 20:00,2005-06-05 19:24,200506052000,TO,P,W,7,NEW,,1010.323394572904,2005-06-05 19:24,,,,,False,2005-06-05 19:24,2005-06-05 19:34,,,,,200506051924-KLOT-WFUS53-TORLOT,MERZLOCK,2005
LOT,2005-07-21 04:57,2005-07-21 05:45,2005-07-21 04:57,200507210545,SV,P,W,82,NEW,,1220.198501041314,2005-07-21 04:57,,,,,False,2005-07-21 04:57,2005-07-21 05:23,,,,,200507210457-KLOT-WUUS53-SVRLOT,MERZLOCK,2005
LOT,2005-10-02 20:39,2005-10-02 21:27,2005-10-02 20:39,200510022130,SV,P,W,115,NEW,,399.0802746805584,2005-10-02 20:39,,,,,False,2005-10-02 20:39,2005-10-02 20:51,,,,,200510022039-KLOT-WUUS53-SVRLOT,KREIN,2005
LOT,2005-10-02 22:32,2005-10-02 22:49,2005-10-02 22:32,200510022315,SV,P,W,122,NEW,,936.5443570696766,2005-10-02 22:32,,,,,False,2005-10-02 22:32,2005-10-02 22:43,,,,,200510022232-KLOT-WUUS53-SVRLOT,MARSILI,2005
LOT,2005-07-21 19:46,2005-07-21 20:30,2005-07-21 19:46,200507212030,SV,P,W,83,NEW,,825.774599752511,2005-07-21 19:46,,,,,False,2005-07-21 19:46,2005-07-21 20:10,,,,,200507211946-KLOT-WUUS53-SVRLOT,FISHER,2005
LOT,2005-06-05 01:28,2005-06-05 01:45,2005-06-05 01:28,200506050200,SV,P,W,45,NEW,,1165.6883327686776,2005-06-05 01:28,,,,,False,2005-06-05 01:28,2005-06-05 01:45,,,,,200506050128-KLOT-WUUS53-SVRLOT,KREIN,2005
LOT,2005-05-19 22:01,2005-05-19 22:45,2005-05-19 22:01,200505192245,SV,P,W,31,NEW,,594.7825376963099,2005-05-19 22:01,,,,,False,2005-05-19 22:01,2005-05-19 22:31,,,,,200505192201-KLOT-WUUS53-SVRLOT,RATZER,2005
LOT,2005-09-22 22:17,2005-09-22 23:00,2005-09-22 22:17,200509222300,SV,P,W,109,NEW,,646.6704363165954,2005-09-22 22:17,,,,,False,2005-09-22 22:17,2005-09-22 22:44,,,,,200509222217-KLOT-WUUS53-SVRLOT,WILSON,2005
LOT,2005-07-21 02:51,2005-07-21 03:21,2005-07-21 02:51,200507210345,SV,P,W,81,NEW,,579.6468188473009,2005-07-21 02:51,,,,,False,2005-07-21 02:51,2005-07-21 03:08,,,,,200507210251-KLOT-WUUS53-SVRLOT,,2005
LOT,2005-06-05 19:09,2005-06-05 20:00,2005-06-05 19:09,200506052000,SV,P,W,51,NEW,,530.3340128179896,2005-06-05 19:09,,,,,False,2005-06-05 19:09,2005-06-05 19:23,,,,,200506051909-KLOT-WUUS53-SVRLOT,KREIN,2005
LOT,2005-07-27 00:01,2005-07-27 00:40,2005-07-27 00:01,200507270045,SV,P,W,96,NEW,,1244.4821866892378,2005-07-27 00:01,,,,,False,2005-07-27 00:01,2005-07-27 00:22,,,,,200507270001-KLOT-WUUS53-SVRLOT,FISHER,2005
LOT,2005-10-02 23:51,2005-10-03 00:15,2005-10-02 23:51,200510030030,SV,P,W,123,NEW,,997.4184923924846,2005-10-02 23:51,,,,,False,2005-10-02 23:51,2005-10-03 00:04,,,,,200510022351-KLOT-WUUS53-SVRLOT,MARSILI,2005
LOT,2005-03-31 00:55,2005-03-31 02:00,2005-03-31 00:55,200503310200,SV,P,W,12,NEW,,800.5366357089498,2005-03-31 00:55,,,,,False,2005-03-31 00:55,2005-03-31 02:00,,,,,200503310055-KLOT-WUUS53-SVRLOT,KREIN,2005
LOT,2005-07-21 14:40,2005-07-21 16:15,2005-07-21 14:40,200507211615,MA,P,W,16,NEW,,37851.538399677454,2005-07-21 14:40,,,,,False,2005-07-21 14:40,2005-07-21 16:15,,,,,200507211440-KLOT-WHUS53-SMWLOT,FISHER,2005
LOT,2005-06-05 20:00,2005-06-05 20:30,2005-06-05 20:00,200506052100,SV,P,W,52,NEW,,1116.1531842975955,2005-06-05 20:00,,,,,False,2005-06-05 20:00,2005-06-05 20:20,,,,,200506052000-KLOT-WUUS53-SVRLOT,KREIN,2005
LOT,2005-07-20 17:34,2005-07-20 18:15,2005-07-20 17:34,200507201815,SV,P,W,77,NEW,,1976.772204930859,2005-07-20 17:34,,,,,False,2005-07-20 17:34,2005-07-20 17:54,,,,,200507201734-KLOT-WUUS53-SVRLOT,FISHER,2005
LOT,2005-03-07 07:10,2005-03-07 07:45,2005-03-07 07:10,200503070745,SV,P,W,1,NEW,,879.3390616663684,2005-03-07 07:10,,,,,False,2005-03-07 07:10,2005-03-07 07:45,,,,,200503070710-KLOT-WUUS53-SVRLOT,WILSON,2005
LOT,2005-05-19 21:16,2005-05-19 21:50,2005-05-19 21:16,200505192200,SV,P,W,27,NEW,,393.1772112374261,2005-05-19 21:16,,,,,False,2005-05-19 21:16,2005-05-19 21:28,,,,,200505192116-KLOT-WUUS53-SVRLOT,RATZER,2005
LOT,2005-07-26 21:16,2005-07-26 22:00,2005-07-26 21:16,200507262200,SV,P,W,93,NEW,,1145.8583483277264,2005-07-26 21:16,,,,,False,2005-07-26 21:16,2005-07-26 22:00,,,,,200507262116-KLOT-WUUS53-SVRLOT,FISHER,2005
LOT,2005-03-30 21:16,2005-03-30 22:00,2005-03-30 21:16,200503302200,TO,P,W,4,NEW,,1902.2107119692268,2005-03-30 21:16,,,,,False,2005-03-30 21:16,2005-03-30 22:00,,,,,200503302116-KLOT-WFUS53-TORLOT,,2005
LOT,2005-05-19 23:51,2005-05-20 00:45,2005-05-19 23:51,200505200045,SV,P,W,37,NEW,,595.9775537787178,2005-05-19 23:51,,,,,False,2005-05-19 23:51,2005-05-20 00:04,,,,,200505192351-KLOT-WUUS53-SVRLOT,KREIN,2005
LOT,2005-09-22 23:00,2005-09-22 23:30,2005-09-22 23:00,200509222330,SV,P,W,110,NEW,,297.37807479579914,2005-09-22 23:00,,,,,False,2005-09-22 23:00,2005-09-22 23:11,,,,,200509222300-KLOT-WUUS53-SVRLOT,WILSON,2005
LOT,2005-06-05 03:36,2005-06-05 04:15,2005-06-05 03:36,200506050415,SV,P,W,48,NEW,,478.5352465289367,2005-06-05 03:36,,,,,False,2005-06-05 03:36,2005-06-05 03:47,,,,,200506050336-KLOT-WUUS53-SVRLOT,RATZER,2005
LOT,2005-06-07 21:58,2005-06-07 22:27,2005-06-07 21:58,200506072245,SV,P,W,55,NEW,,720.9832492101315,2005-06-07 21:58,,,,,False,2005-06-07 21:58,2005-06-07 22:14,,,,,200506072158-KLOT-WUUS53-SVRLOT,MARSILI,2005
LOT,2005-10-02 21:49,2005-10-02 22:18,2005-10-02 21:49,200510022230,SV,P,W,119,NEW,,1358.7090338618525,2005-10-02 21:49,,,,,False,2005-10-02 21:49,2005-10-02 22:08,,,,,200510022149-KLOT-WUUS53-SVRLOT,MARSILI,2005
LOT,2005-06-11 19:43,2005-06-11 20:20,2005-06-11 19:43,200506112030,SV,P,W,64,NEW,,898.7780394810457,2005-06-11 19:43,,,,,False,2005-06-11 19:43,2005-06-11 20:08,,,,,200506111943-KLOT-WUUS53-SVRLOT,MARSILI,2005
LOT,2005-07-26 00:35,2005-07-26 01:15,2005-07-26 00:35,200507260115,SV,P,W,90,NEW,,899.0363923415641,2005-07-26 00:35,,,,,False,2005-07-26 00:35,2005-07-26 00:49,,,,,200507260035-KLOT-WUUS53-SVRLOT,MARSILI,2005
LOT,2005-09-13 22:01,2005-09-13 22:25,2005-09-13 22:01,200509132245,SV,P,W,101,NEW,,701.2333169140451,2005-09-13 22:01,,,,,False,2005-09-13 22:01,2005-09-13 22:11,,,,,200509132201-KLOT-WUUS53-SVRLOT,,2005
LOT,2005-07-22 01:23,2005-07-22 02:00,2005-07-22 01:23,200507220200,SV,P,W,87,NEW,,426.479543713634,2005-07-22 01:23,,,,,False,2005-07-22 01:23,2005-07-22 01:33,,,,,200507220123-KLOT-WUUS53-SVRLOT,MARSILI,2005
LOT,2005-09-13 22:22,2005-09-13 23:15,2005-09-13 22:22,200509132315,SV,P,W,102,NEW,,3074.026633695021,2005-09-13 22:22,,,,,False,2005-09-13 22:22,2005-09-13 22:38,,,,,200509132222-KLOT-WUUS53-SVRLOT,,2005
LOT,2005-05-19 23:34,2005-05-20 00:15,2005-05-19 23:34,200505200015,SV,P,W,36,NEW,,810.7625479170132,2005-05-19 23:34,,,,,False,2005-05-19 23:34,2005-05-20 00:01,,,,,200505192334-KLOT-WUUS53-SVRLOT,KREIN,2005
LOT,2005-10-02 20:25,2005-10-02 20:39,2005-10-02 20:25,200510022100,SV,P,W,114,NEW,,638.4737048264781,2005-10-02 20:25,,,,,False,2005-10-02 20:25,2005-10-02 20:33,,,,,200510022025-KLOT-WUUS53-SVRLOT,MARSILI,2005
LOT,2005-06-04 21:58,2005-06-04 23:00,2005-06-04 21:58,200506042300,SV,P,W,44,NEW,,665.6859069752829,2005-06-04 21:58,,,,,False,2005-06-04 21:58,2005-06-04 22:16,,,,,200506042158-KLOT-WUUS53-SVRLOT,KREIN,2005
LOT,2005-06-05 03:23,2005-06-05 04:15,2005-06-05 03:23,200506050415,SV,P,W,47,NEW,,794.9968925834066,2005-06-05 03:23,,,,,False,2005-06-05 03:23,2005-06-05 03:38,,,,,200506050323-KLOT-WUUS53-SVRLOT,RATZER,2005
LOT,2005-06-26 20:51,2005-06-26 21:11,2005-06-26 20:51,200506262130,SV,P,W,68,NEW,,269.16135560900284,2005-06-26 20:51,,,,,False,2005-06-26 20:51,2005-06-26 21:11,,,,,200506262051-KLOT-WUUS53-SVRLOT,WILSON,2005
LOT,2005-03-31 01:51,2005-03-31 02:15,2005-03-31 01:51,200503310215,SV,P,W,16,NEW,,2546.5328019771546,2005-03-31 01:51,,,,,False,2005-03-31 01:51,2005-03-31 02:15,,,,,200503310151-KLOT-WUUS53-SVRLOT,TRS,2005
LOT,2005-07-22 00:09,2005-07-22 00:57,2005-07-22 00:09,200507220100,SV,P,W,85,NEW,,533.0706077269263,2005-07-22 00:09,,,,,False,2005-07-22 00:09,2005-07-22 00:23,,,,,200507220009-KLOT-WUUS53-SVRLOT,MARSILI,2005
LOT,2005-03-30 23:41,2005-03-31 00:45,2005-03-30 23:41,200503310045,SV,P,W,6,NEW,,993.4684968086272,2005-03-30 23:41,,,,,False,2005-03-30 23:41,2005-03-31 00:45,,,,,200503302341-KLOT-WUUS53-SVRLOT,KREIN,2005
LOT,2005-07-20 19:37,2005-07-20 20:30,2005-07-20 19:37,200507202030,MA,P,W,15,NEW,,12605.462803419225,2005-07-20 19:37,,,,,False,2005-07-20 19:37,2005-07-20 20:30,,,,,200507201937-KLOT-WHUS53-SMWLOT,,2005
LOT,2005-10-02 22:17,2005-10-02 22:39,2005-10-02 22:17,200510022300,SV,P,W,120,NEW,,753.5385418640259,2005-10-02 22:17,,,,,False,2005-10-02 22:17,2005-10-02 22:27,,,,,200510022217-KLOT-WUUS53-SVRLOT,MARSILI,2005
LOT,2005-05-19 21:33,2005-05-19 22:30,2005-05-19 21:33,200505192230,SV,P,W,29,NEW,,1021.8824709674232,2005-05-19 21:33,,,,,False,2005-05-19 21:33,2005-05-19 21:54,,,,,200505192133-KLOT-WUUS53-SVRLOT,RATZER,2005
LOT,2005-05-13 17:45,2005-05-13 18:15,2005-05-13 17:45,200505131815,SV,P,W,21,NEW,,1777.9845378263385,2005-05-13 17:45,,,,,False,2005-05-13 17:45,2005-05-13 18:15,,,,,200505131745-KLOT-WUUS53-SVRLOT,PIETRYCHA,2005
LOT,2005-06-08 18:51,2005-06-08 19:30,2005-06-08 18:51,200506081930,SV,P,W,56,NEW,,1040.6896531887626,2005-06-08 18:51,,,,,False,2005-06-08 18:51,2005-06-08 19:06,,,,,200506081851-KLOT-WUUS53-SVRLOT,,2005
LOT,2005-06-08 20:59,2005-06-08 21:45,2005-06-08 20:59,200506082145,SV,P,W,59,NEW,,1123.2056590153873,2005-06-08 20:59,,,,,False,2005-06-08 20:59,2005-06-08 21:25,,,,,200506082059-KLOT-WUUS53-SVRLOT,,2005
LOT,2005-06-08 21:07,2005-06-08 22:00,2005-06-08 21:07,200506082200,SV,P,W,60,NEW,,1482.5014133219377,2005-06-08 21:07,,,,,False,2005-06-08 21:07,2005-06-08 21:25,,,,,200506082107-KLOT-WUUS53-SVRLOT,,2005
LOT,2005-06-08 20:16,2005-06-08 21:00,2005-06-08 20:16,200506082100,SV,P,W,58,NEW,,1405.3849670247223,2005-06-08 20:16,,,,,False,2005-06-08 20:16,2005-06-08 20:38,,,,,200506082016-KLOT-WUUS53-SVRLOT,SOMREK,2005
LOT,2005-06-04 21:19,2005-06-04 22:00,2005-06-04 21:19,200506042200,SV,P,W,43,NEW,,807.8206770080102,2005-06-04 21:19,,,,,False,2005-06-04 21:19,2005-06-04 21:39,,,,,200506042119-KLOT-WUUS53-SVRLOT,KREIN,2005
LOT,2005-07-26 22:06,2005-07-26 22:40,2005-07-26 22:06,200507262245,SV,P,W,94,NEW,,2241.9971969683347,2005-07-26 22:06,,,,,False,2005-07-26 22:06,2005-07-26 22:29,,,,,200507262206-KLOT-WUUS53-SVRLOT,FISHER,2005
LOT,2005-08-12 00:38,2005-08-12 01:30,2005-08-12 00:38,200508120130,SV,P,W,98,NEW,,1016.9479230407376,2005-08-12 00:38,,,,,False,2005-08-12 00:38,2005-08-12 01:09,,,,,200508120038-KLOT-WUUS53-SVRLOT,WILSON,2005
LOT,2005-06-05 18:55,2005-06-05 19:45,2005-06-05 18:55,200506051945,SV,P,W,50,NEW,,692.4531478519549,2005-06-05 18:55,,,,,False,2005-06-05 18:55,2005-06-05 19:13,,,,,200506051856-KLOT-WUUS53-SVRLOT,,2005
LOT,2005-03-31 00:30,2005-03-31 01:30,2005-03-31 00:30,200503310130,SV,P,W,10,NEW,,1227.962592646824,2005-03-31 00:30,,,,,False,2005-03-31 00:30,2005-03-31 01:30,,,,,200503310030-KLOT-WUUS53-SVRLOT,KREIN,2005
LOT,2005-06-08 21:32,2005-06-08 22:00,2005-06-08 21:32,200506082215,SV,P,W,61,NEW,,2775.8609758066964,2005-06-08 21:32,,,,,False,2005-06-08 21:32,2005-06-08 22:00,,,,,200506082132-KLOT-WUUS53-SVRLOT,SOMREK,2005
LOT,2005-06-14 02:24,2005-06-14 03:00,2005-06-14 02:24,200506140315,SV,P,W,67,NEW,,1251.5049867313585,2005-06-14 02:24,,,,,False,2005-06-14 02:24,2005-06-14 02:42,,,,,200506140224-KLOT-WUUS53-SVRLOT,,2005
LOT,2005-03-30 22:52,2005-03-30 23:45,2005-03-30 22:52,200503302345,SV,P,W,3,NEW,,846.1999753590425,2005-03-30 22:52,,,,,False,2005-03-30 22:52,2005-03-30 23:45,,,,,200503302252-KLOT-WUUS53-SVRLOT,KREIN,2005
LOT,2005-07-26 22:58,2005-07-26 23:45,2005-07-26 22:58,200507262345,SV,P,W,95,NEW,,2417.342371975589,2005-07-26 22:58,,,,,False,2005-07-26 22:58,2005-07-26 23:45,,,,,200507262258-KLOT-WUUS53-SVRLOT,FISHER,2005
LOT,2005-06-30 09:37,2005-06-30 10:12,2005-06-30 09:37,200506301015,SV,P,W,72,NEW,,1948.362536122497,2005-06-30 09:37,,,,,False,2005-06-30 09:37,2005-06-30 09:50,,,,,200506300937-KLOT-WUUS53-SVRLOT,MARSILI,2005
LOT,2005-09-22 22:25,2005-09-23 00:00,2005-09-22 22:25,200509230000,MA,P,W,22,NEW,,3642.060805616609,2005-09-22 22:25,,,,,False,2005-09-22 22:25,2005-09-23 00:00,,,,,200509222225-KLOT-WHUS53-SMWLOT,,2005
LOT,2005-07-23 21:21,2005-07-23 23:15,2005-07-23 21:21,200507232315,MA,P,W,18,NEW,,9642.560165153098,2005-07-23 21:21,,,,,False,2005-07-23 21:21,2005-07-23 23:15,,,,,200507232121-KLOT-WHUS53-SMWLOT,MARSILI,2005
LOT,2005-07-23 20:57,2005-07-23 22:00,2005-07-23 20:57,200507232200,SV,P,W,88,NEW,,1538.9715587022197,2005-07-23 20:57,,,,,False,2005-07-23 20:57,2005-07-23 21:11,,,,,200507232057-KLOT-WUUS53-SVRLOT,MARSILI,2005
LOT,2005-07-21 01:13,2005-07-21 02:00,2005-07-21 01:13,200507210200,SV,P,W,80,NEW,,2189.2022473607076,2005-07-21 01:13,,,,,False,2005-07-21 01:13,2005-07-21 01:36,,,,,200507210113-KLOT-WUUS53-SVRLOT,MARSILI,2005
LOT,2005-10-02 21:30,2005-10-02 22:03,2005-10-02 21:30,200510022230,SV,P,W,117,NEW,,1729.358264201352,2005-10-02 21:30,,,,,False,2005-10-02 21:30,2005-10-02 21:44,,,,,200510022130-KLOT-WUUS53-SVRLOT,KRAUSE,2005
LOT,2005-03-30 22:15,2005-03-30 23:00,2005-03-30 22:15,200503302300,TO,P,W,6,NEW,,683.2771265268184,2005-03-30 22:15,,,,,False,2005-03-30 22:15,2005-03-30 23:00,,,,,200503302215-KLOT-WFUS53-TORLOT,KREIN,2005
LOT,2005-09-23 00:06,2005-09-23 00:40,2005-09-23 00:06,200509230045,SV,P,W,112,NEW,,1240.7485451607558,2005-09-23 00:06,,,,,False,2005-09-23 00:06,2005-09-23 00:30,,,,,200509230006-KLOT-WUUS53-SVRLOT,MARSILI,2005
LOT,2005-11-06 03:53,2005-11-06 04:47,2005-11-06 03:53,200511060500,SV,P,W,124,NEW,,2416.0425013844597,2005-11-06 03:53,,,,,False,2005-11-06 03:53,2005-11-06 04:07,,,,,200511060353-KLOT-WUUS53-SVRLOT,MARSILI,2005
LOT,2005-05-13 17:47,2005-05-13 18:15,2005-05-13 17:47,200505131815,SV,P,W,22,NEW,,1584.122837740795,2005-05-13 17:47,,,,,False,2005-05-13 17:47,2005-05-13 17:52,,,,,200505131747-KLOT-WUUS53-SVRLOT-CCA,PIETRYCHA,2005
LOT,2005-09-22 23:23,2005-09-23 00:30,2005-09-22 23:23,200509230030,SV,P,W,111,NEW,,1236.8961795113537,2005-09-22 23:23,,,,,False,2005-09-22 23:23,2005-09-22 23:37,,,,,200509222323-KLOT-WUUS53-SVRLOT,MARSILI,2005
LOT,2005-07-26 00:55,2005-07-26 02:30,2005-07-26 00:55,200507260230,MA,P,W,19,NEW,,5879.1906106203805,2005-07-26 00:55,,,,,False,2005-07-26 00:55,2005-07-26 02:30,,,,,200507260055-KLOT-WHUS53-SMWLOT,MARSILI,2005
LOT,2005-09-23 00:24,2005-09-23 01:15,2005-09-23 00:24,200509230115,TO,P,W,11,NEW,,766.6016496612086,2005-09-23 00:24,,,,,False,2005-09-23 00:24,2005-09-23 00:36,,,,,200509230024-KLOT-WFUS53-TORLOT,MARSILI,2005
LOT,2005-07-23 20:24,2005-07-23 22:00,2005-07-23 20:24,200507232200,MA,P,W,17,NEW,,14719.261891158583,2005-07-23 20:24,,,,,False,2005-07-23 20:24,2005-07-23 22:00,,,,,200507232024-KLOT-WHUS53-SMWLOT,MARSILI,2005
LOT,2005-07-21 00:13,2005-07-21 00:44,2005-07-21 00:13,200507210100,SV,P,W,78,NEW,,822.66737512161,2005-07-21 00:13,,,,,False,2005-07-21 00:13,2005-07-21 00:28,,,,,200507210013-KLOT-WUUS53-SVRLOT,BRUMER,2005
LOT,2005-06-14 00:21,2005-06-14 01:15,2005-06-14 00:21,200506140115,SV,P,W,65,NEW,,2263.763576252977,2005-06-14 00:21,,,,,False,2005-06-14 00:21,2005-06-14 00:48,,,,,200506140021-KLOT-WUUS53-SVRLOT,RATZER,2005
LOT,2005-03-31 00:04,2005-03-31 00:45,2005-03-31 00:04,200503310045,SV,P,W,7,NEW,,851.1314978875514,2005-03-31 00:04,,,,,False,2005-03-31 00:04,2005-03-31 00:45,,,,,200503310004-KLOT-WUUS53-SVRLOT,KREIN,2005
LOT,2005-03-30 22:00,2005-03-30 22:30,2005-03-30 22:00,200503302230,TO,P,W,5,NEW,,1062.244021046843,2005-03-30 22:00,,,,,False,2005-03-30 22:00,2005-03-30 22:30,,,,,200503302200-KLOT-WFUS53-TORLOT,KREIN,2005
LOT,2005-06-05 18:31,2005-06-05 19:19,2005-06-05 18:31,200506051930,SV,P,W,49,NEW,,2681.20188628458,2005-06-05 18:31,,,,,False,2005-06-05 18:31,2005-06-05 18:47,,,,,200506051830-KLOT-WUUS53-SVRLOT,,2005
LOT,2005-07-04 17:26,2005-07-04 18:17,2005-07-04 17:26,200507041830,SV,P,W,73,NEW,,2258.981588003833,2005-07-04 17:26,,,,,False,2005-07-04 17:26,2005-07-04 17:53,,,,,200507041726-KLOT-WUUS53-SVRLOT,RATZER,2005
LOT,2005-07-21 00:30,2005-07-21 01:15,2005-07-21 00:30,200507210115,SV,P,W,79,NEW,,1775.4059118611256,2005-07-21 00:30,,,,,False,2005-07-21 00:30,2005-07-21 00:52,,,,,200507210030-KLOT-WUUS53-SVRLOT,MARSILI,2005
LOT,2005-11-06 04:17,2005-11-06 05:00,2005-11-06 04:17,200511060515,SV,P,W,125,NEW,,950.4711157650854,2005-11-06 04:17,,,,,False,2005-11-06 04:17,2005-11-06 04:34,,,,,200511060417-KLOT-WUUS53-SVRLOT,MARSILI,2005
LOT,2005-06-04 18:01,2005-06-04 18:45,2005-06-04 18:01,200506041845,SV,P,W,39,NEW,,1672.0136333170578,2005-06-04 18:01,,,,,False,2005-06-04 18:01,2005-06-04 18:15,,,,,200506041801-KLOT-WUUS53-SVRLOT,,2005
LOT,2005-03-31 01:10,2005-03-31 02:15,2005-03-31 01:10,200503310215,SV,P,W,14,NEW,,1800.9268541205088,2005-03-31 01:10,,,,,False,2005-03-31 01:10,2005-03-31 02:15,,,,,200503310110-KLOT-WUUS53-SVRLOT,KREIN,2005
LOT,2005-05-19 22:19,2005-05-19 22:45,2005-05-19 22:19,200505192245,SV,P,W,33,NEW,,861.0598953191153,2005-05-19 22:19,,,,,False,2005-05-19 22:19,2005-05-19 22:31,,,,,200505192219-KLOT-WUUS53-SVRLOT,KREIN,2005
LOT,2005-05-19 21:07,2005-05-19 21:45,2005-05-19 21:07,200505192145,SV,P,W,26,NEW,,374.69854304572993,2005-05-19 21:07,,,,,False,2005-05-19 21:07,2005-05-19 21:21,,,,,200505192107-KLOT-WUUS53-SVRLOT,KREIN,2005
LOT,2005-07-26 01:15,2005-07-26 01:39,2005-07-26 01:15,200507260145,SV,P,W,91,NEW,,452.6231936594716,2005-07-26 01:15,,,,,False,2005-07-26 01:15,2005-07-26 01:27,,,,,200507260115-KLOT-WUUS53-SVRLOT,BRUMER,2005
LOT,2005-03-31 00:19,2005-03-31 01:15,2005-03-31 00:19,200503310115,SV,P,W,9,NEW,,1609.1112731454832,2005-03-31 00:19,,,,,False,2005-03-31 00:19,2005-03-31 01:15,,,,,200503310019-KLOT-WUUS53-SVRLOT,KREIN,2005
LOT,2005-05-19 22:38,2005-05-19 23:45,2005-05-19 22:38,200505192345,SV,P,W,35,NEW,,1324.8153315348743,2005-05-19 22:38,,,,,False,2005-05-19 22:38,2005-05-19 22:55,,,,,200505192238-KLOT-WUUS53-SVRLOT,KREIN,2005
LOT,2005-09-13 23:03,2005-09-14 00:00,2005-09-13 23:03,200509140000,SV,P,W,103,NEW,,2965.3749883037262,2005-09-13 23:03,,,,,False,2005-09-13 23:03,2005-09-13 23:19,,,,,200509132303-KLOT-WUUS53-SVRLOT,,2005
LOT,2005-06-11 19:16,2005-06-11 19:55,2005-06-11 19:16,200506112000,SV,P,W,63,NEW,,774.3451368719091,2005-06-11 19:16,,,,,False,2005-06-11 19:16,2005-06-11 19:55,,,,,200506111916-KLOT-WUUS53-SVRLOT,WILSON,2005
LOT,2005-06-05 19:38,2005-06-05 20:28,2005-06-05 19:38,200506052030,TO,P,W,8,NEW,,1100.3089736409902,2005-06-05 19:38,,,,,False,2005-06-05 19:38,2005-06-05 19:56,,,,,200506051938-KLOT-WFUS53-TORLOT,,2005
LOT,2005-03-30 23:24,2005-03-31 00:30,2005-03-30 23:24,200503310030,SV,P,W,5,NEW,,1822.205784088072,2005-03-30 23:24,,,,,False,2005-03-30 23:24,2005-03-31 00:30,,,,,200503302324-KLOT-WUUS53-SVRLOT,KREIN,2005
LOT,2005-06-08 19:44,2005-06-08 20:17,2005-06-08 19:44,200506082030,SV,P,W,57,NEW,,1502.615323009285,2005-06-08 19:44,,,,,False,2005-06-08 19:44,2005-06-08 20:00,,,,,200506081944-KLOT-WUUS53-SVRLOT,,2005
LOT,2005-10-02 21:47,2005-10-02 22:30,2005-10-02 21:47,200510022230,SV,P,W,118,NEW,,881.4664451167953,2005-10-02 21:47,,,,,False,2005-10-02 21:47,2005-10-02 22:07,,,,,200510022147-KLOT-WUUS53-SVRLOT,KREIN,2005
LOT,2005-06-04 18:28,2005-06-04 19:15,2005-06-04 18:28,200506041915,SV,P,W,40,NEW,,1426.1401988590396,2005-06-04 18:28,,,,,False,2005-06-04 18:28,2005-06-04 18:48,,,,,200506041828-KLOT-WUUS53-SVRLOT,KREIN,2005
LOT,2005-03-30 23:20,2005-03-31 00:15,2005-03-30 23:20,200503310015,SV,P,W,4,NEW,,1036.0596063687174,2005-03-30 23:20,,,,,False,2005-03-30 23:20,2005-03-31 00:15,,,,,200503302320-KLOT-WUUS53-SVRLOT,KREIN,2005
LOT,2005-07-04 17:54,2005-07-04 18:45,2005-07-04 17:54,200507041845,SV,P,W,74,NEW,,1749.4464078480648,2005-07-04 17:54,,,,,False,2005-07-04 17:54,2005-07-04 18:15,,,,,200507041754-KLOT-WUUS53-SVRLOT,,2005
LOT,2005-03-31 00:13,2005-03-31 01:15,2005-03-31 00:13,200503310115,SV,P,W,8,NEW,,1120.3405536654266,2005-03-31 00:13,,,,,False,2005-03-31 00:13,2005-03-31 01:15,,,,,200503310013-KLOT-WUUS53-SVRLOT,KREIN,2005
LOT,2005-07-20 18:29,2005-07-20 20:00,2005-07-20 18:29,200507202000,MA,P,W,14,NEW,,3664.861488574159,2005-07-20 18:29,,,,,False,2005-07-20 18:29,2005-07-20 20:00,,,,,200507201829-KLOT-WHUS53-SMWLOT,FISHER,2005
LOT,2005-06-04 18:37,2005-06-04 19:30,2005-06-04 18:37,200506041930,SV,P,W,41,NEW,,3119.380889972489,2005-06-04 18:37,,,,,False,2005-06-04 18:37,2005-06-04 18:53,,,,,200506041837-KLOT-WUUS53-SVRLOT,,2005
LOT,2005-07-21 00:13,2005-07-21 00:44,2005-07-21 00:13,200507210100,SV,C,W,78,CAN,ILC063,1113.20361328125,2005-07-21 00:44,,,,,False,,,,,,,200507210013-KLOT-WUUS53-SVRLOT,BRUMER,2005
LOT,2005-07-21 01:13,2005-07-21 02:00,2005-07-21 01:13,200507210200,SV,C,W,80,CAN,INC007,1051.2703857421875,2005-07-21 02:00,,,,,False,,,,,,,200507210113-KLOT-WUUS53-SVRLOT,MARSILI,2005
LOT,2005-07-21 02:51,2005-07-21 03:21,2005-07-21 02:51,200507210345,SV,C,W,81,CAN,ILC091,1762.8453369140625,2005-07-21 03:21,,,,,False,,,,,,,200507210251-KLOT-WUUS53-SVRLOT,,2005
LOT,2005-07-21 04:57,2005-07-21 05:45,2005-07-21 04:57,200507210545,SV,C,W,82,EXP,ILC053,1258.3388671875,2005-07-21 05:45,,,,,False,,,,,,,200507210457-KLOT-WUUS53-SVRLOT,MERZLOCK,2005
LOT,2005-07-21 14:40,2005-07-21 16:15,2005-07-21 14:40,200507211615,MA,C,W,16,NEW,LMZ740,343.7041015625,2005-07-21 14:43,,,,,False,,,,,,,200507211440-KLOT-WHUS53-SMWLOT,FISHER,2005
LOT,2005-03-31 01:44,2005-03-31 02:45,2005-03-31 01:44,200503310245,MA,C,W,25,NEW,LMZ742,124.9140396118164,2005-03-31 01:44,,,,,False,,,,,,,,,2005
LOT,2005-03-31 00:34,2005-03-31 01:30,2005-03-31 00:34,200503310130,MA,C,W,24,NEW,LMZ740,343.7041015625,2005-03-31 00:34,,,,,False,,,,,,,,,2005
LOT,2005-05-19 20:39,2005-05-19 21:15,2005-05-19 20:39,200505192115,SV,C,W,24,CON,ILC089,1355.1488037109375,2005-05-19 20:55,,,,,False,,,,,,,200505192039-KLOT-WUUS53-SVRLOT,,2005
LOT,2005-05-19 20:39,2005-05-19 21:15,2005-05-19 20:39,200505192115,SV,C,W,24,CON,ILC093,834.3638305664062,2005-05-19 20:55,,,,,False,,,,,,,200505192039-KLOT-WUUS53-SVRLOT,,2005
LOT,2005-06-04 18:01,2005-06-04 18:47,2005-06-04 18:01,200506041845,SV,C,W,39,EXP,ILC037,1642.110595703125,2005-06-04 18:47,,,,,False,,,,,,,200506041801-KLOT-WUUS53-SVRLOT,,2005
LOT,2005-06-04 18:37,2005-06-04 19:30,2005-06-04 18:37,200506041930,SV,C,W,41,CON,ILC031,2478.141845703125,2005-06-04 19:27,,,,,False,,,,,,,200506041837-KLOT-WUUS53-SVRLOT,,2005
LOT,2005-06-05 18:31,2005-06-05 19:05,2005-06-05 18:30,200506051930,SV,C,W,49,CAN,ILC053,1258.3388671875,2005-06-05 19:05,,,,,False,,,,,,,200506051830-KLOT-WUUS53-SVRLOT,,2005
LOT,2005-06-05 18:55,2005-06-05 19:13,2005-06-05 18:56,200506051945,SV,C,W,50,CAN,INC007,1051.2703857421875,2005-06-05 19:13,,,,,False,,,,,,,200506051856-KLOT-WUUS53-SVRLOT,,2005
LOT,2005-06-05 18:55,2005-06-05 19:45,2005-06-05 18:56,200506051945,SV,C,W,50,CON,INC111,1043.9666748046875,2005-06-05 19:30,,,,,False,,,,,,,200506051856-KLOT-WUUS53-SVRLOT,,2005
LOT,2005-07-22 00:42,2005-07-22 01:09,2005-07-22 00:42,200507220130,SV,C,W,86,CAN,INC007,1051.2703857421875,2005-07-22 01:09,,,,,False,,,,,,,200507220042-KLOT-WUUS53-SVRLOT,BRUMER,2005
LOT,2005-06-08 18:51,2005-06-08 19:22,2005-06-08 18:51,200506081930,SV,C,W,56,CAN,ILC037,1642.110595703125,2005-06-08 19:22,,,,,False,,,,,,,200506081851-KLOT-WUUS53-SVRLOT,,2005
LOT,2005-06-08 18:51,2005-06-08 19:30,2005-06-08 18:51,200506081930,SV,C,W,56,EXP,ILC089,1355.1488037109375,2005-06-08 19:30,,,,,False,,,,,,,200506081851-KLOT-WUUS53-SVRLOT,,2005
LOT,2005-06-08 19:44,2005-06-08 20:17,2005-06-08 19:44,200506082030,SV,C,W,57,CAN,ILC075,2892.026123046875,2005-06-08 20:17,,,,,False,,,,,,,200506081944-KLOT-WUUS53-SVRLOT,,2005
LOT,2005-06-08 19:44,2005-06-08 20:17,2005-06-08 19:44,200506082030,SV,C,W,57,CAN,INC007,1051.2703857421875,2005-06-08 20:17,,,,,False,,,,,,,200506081944-KLOT-WUUS53-SVRLOT,,2005
LOT,2005-06-08 20:59,2005-06-08 21:47,2005-06-08 20:59,200506082145,SV,C,W,59,EXP,ILC099,2969.55517578125,2005-06-08 21:47,,,,,False,,,,,,,200506082059-KLOT-WUUS53-SVRLOT,,2005
LOT,2005-07-22 01:23,2005-07-22 02:00,2005-07-22 01:23,200507220200,SV,C,W,87,EXP,ILC053,1258.3388671875,2005-07-22 02:00,,,,,False,,,,,,,200507220123-KLOT-WUUS53-SVRLOT,MARSILI,2005
LOT,2005-07-23 20:24,2005-07-23 22:00,2005-07-23 20:24,200507232200,MA,C,W,17,NEW,LMZ766,4167.1474609375,2005-07-23 20:26,,,,,False,,,,,,,200507232024-KLOT-WHUS53-SMWLOT,MARSILI,2005
LOT,2005-07-23 20:57,2005-07-23 21:59,2005-07-23 20:57,200507232200,SV,C,W,88,EXP,ILC111,1580.3455810546875,2005-07-23 21:59,,,,,False,,,,,,,200507232057-KLOT-WUUS53-SVRLOT,MARSILI,2005
LOT,2005-07-23 21:21,2005-07-23 23:15,2005-07-23 21:21,200507232315,MA,C,W,18,NEW,LMZ741,197.1693115234375,2005-07-23 21:23,,,,,False,,,,,,,200507232121-KLOT-WHUS53-SMWLOT,MARSILI,2005
LOT,2005-06-11 00:13,2005-06-11 01:00,2005-06-11 00:13,200506110100,SV,C,W,62,EXP,ILC031,2478.141845703125,2005-06-11 01:00,,,,,False,,,,,,,200506110013-KLOT-WUUS53-SVRLOT,,2005
LOT,2005-06-14 02:24,2005-06-14 03:00,2005-06-14 02:24,200506140315,SV,C,W,67,CAN,INC127,1086.1654052734375,2005-06-14 03:00,,,,,False,,,,,,,200506140224-KLOT-WUUS53-SVRLOT,,2005
LOT,2005-07-04 17:26,2005-07-04 17:53,2005-07-04 17:26,200507041830,SV,C,W,73,CAN,ILC037,1642.110595703125,2005-07-04 17:53,,,,,False,,,,,,,200507041726-KLOT-WUUS53-SVRLOT,RATZER,2005
LOT,2005-07-04 17:54,2005-07-04 18:44,2005-07-04 17:54,200507041845,SV,C,W,74,EXP,ILC031,2478.141845703125,2005-07-04 18:44,,,,,False,,,,,,,200507041754-KLOT-WUUS53-SVRLOT,,2005
LOT,2005-06-30 09:37,2005-06-30 10:06,2005-06-30 09:37,200506301015,SV,C,W,72,CAN,ILC037,1642.110595703125,2005-06-30 10:06,,,,,False,,,,,,,200506300937-KLOT-WUUS53-SVRLOT,MARSILI,2005
LOT,2005-05-19 22:23,2005-05-19 23:16,2005-05-19 22:23,200505192315,SV,C,W,34,EXP,ILC031,2478.141845703125,2005-05-19 23:16,,,,,False,,,,,,,200505192223-KLOT-WUUS53-SVRLOT,RATZER,2005
LOT,2005-07-20 19:37,2005-07-20 20:30,2005-07-20 19:37,200507202030,MA,C,W,15,NEW,LMZ744,132.90194702148438,2005-07-20 19:39,,,,,False,,,,,,,200507201937-KLOT-WHUS53-SMWLOT,,2005
LOT,2005-06-08 19:51,2005-06-08 21:15,2005-06-08 19:51,200506082115,MA,C,W,31,NEW,LMZ740,343.7041015625,2005-06-08 19:51,,,,,False,,,,,,,,,2005
LOT,2005-05-09 19:50,2005-05-09 21:45,2005-05-09 19:50,200505092145,MA,C,W,27,NEW,LMZ740,343.7041015625,2005-05-09 19:50,,,,,False,,,,,,,,,2005
LOT,2005-03-31 01:44,2005-03-31 02:45,2005-03-31 01:44,200503310245,MA,C,W,25,NEW,LMZ741,197.1693115234375,2005-03-31 01:44,,,,,False,,,,,,,,,2005
LOT,2005-05-11 12:04,2005-05-11 13:00,2005-05-11 12:04,200505111300,MA,C,W,28,NEW,LMZ742,124.9140396118164,2005-05-11 12:04,,,,,False,,,,,,,,,2005
LOT,2005-06-04 19:09,2005-06-04 19:50,2005-06-04 19:09,200506042000,SV,C,W,42,CAN,ILC031,2478.141845703125,2005-06-04 19:50,,,,,False,,,,,,,200506041909-KLOT-WUUS53-SVRLOT,KREIN,2005
LOT,2005-08-12 00:38,2005-08-12 01:30,2005-08-12 00:38,200508120130,SV,C,W,98,EXP,ILC105,2704.226318359375,2005-08-12 01:30,,,,,False,,,,,,,200508120038-KLOT-WUUS53-SVRLOT,WILSON,2005
LOT,2005-05-11 12:04,2005-05-11 13:00,2005-05-11 12:04,200505111300,MA,C,W,28,NEW,LMZ741,197.1693115234375,2005-05-11 12:04,,,,,False,,,,,,,,,2005
LOT,2005-06-04 21:19,2005-06-04 22:00,2005-06-04 21:19,200506042200,SV,C,W,43,CON,ILC031,2478.141845703125,2005-06-04 21:39,,,,,False,,,,,,,200506042119-KLOT-WUUS53-SVRLOT,KREIN,2005
LOT,2005-09-13 23:03,2005-09-13 23:29,2005-09-13 23:03,200509140000,SV,C,W,103,CAN,ILC037,1642.110595703125,2005-09-13 23:29,,,,,False,,,,,,,200509132303-KLOT-WUUS53-SVRLOT,,2005
LOT,2005-07-25 14:43,2005-07-25 15:03,2005-07-25 14:43,200507251530,SV,C,W,89,CAN,ILC063,1113.20361328125,2005-07-25 15:03,,,,,False,,,,,,,200507251443-KLOT-WUUS53-SVRLOT,,2005
LOT,2005-07-26 00:35,2005-07-26 01:15,2005-07-26 00:35,200507260115,SV,C,W,90,EXP,ILC031,2478.141845703125,2005-07-26 01:15,,,,,False,,,,,,,200507260035-KLOT-WUUS53-SVRLOT,MARSILI,2005
LOT,2005-07-26 00:35,2005-07-26 01:15,2005-07-26 00:35,200507260115,SV,C,W,90,EXP,ILC097,1216.920166015625,2005-07-26 01:15,,,,,False,,,,,,,200507260035-KLOT-WUUS53-SVRLOT,MARSILI,2005
LOT,2005-05-19 08:52,2005-05-19 10:45,2005-05-19 08:52,200505191045,MA,C,W,29,NEW,LMZ742,124.9140396118164,2005-05-19 08:52,,,,,False,,,,,,,,,2005
LOT,2005-12-09 00:06,2005-12-09 06:00,2005-12-09 00:06,200512090600,HS,C,W,1,CON,ILZ014,2483.18408203125,2005-12-09 03:55,,,,,False,,,,,,,200512090006-KLOT-WWUS43-WSWLOT,,2005
LOT,2005-12-09 00:06,2005-12-09 06:00,2005-12-09 00:06,200512090600,HS,C,W,1,CON,INZ002,1103.1229248046875,2005-12-09 03:55,,,,,False,,,,,,,200512090006-KLOT-WWUS43-WSWLOT,,2005
LOT,2005-03-31 00:39,2005-03-31 01:45,2005-03-31 00:38,200503310145,SV,C,W,11,NEW,ILC063,1113.20361328125,2005-03-31 00:39,,,,,False,,,,,,,200503310038-KLOT-WUUS53-SVRLOT,KREIN,2005
LOT,2005-06-04 17:15,2005-06-04 18:15,2005-06-04 17:15,200506041815,SV,C,W,38,CAN,ILC099,2969.55517578125,2005-06-04 18:15,,,,,False,,,,,,,200506041715-KLOT-WUUS53-SVRLOT,MERZLOCK,2005
LOT,2005-06-05 02:55,2005-06-05 03:45,2005-06-05 02:55,200506050345,SV,C,W,46,CON,ILC097,1216.920166015625,2005-06-05 03:30,,,,,False,,,,,,,200506050255-KLOT-WUUS53-SVRLOT,KREIN,2005
LOT,2005-06-05 03:23,2005-06-05 04:13,2005-06-05 03:23,200506050415,SV,C,W,47,EXP,ILC007,729.1424560546875,2005-06-05 04:13,,,,,False,,,,,,,200506050323-KLOT-WUUS53-SVRLOT,RATZER,2005
LOT,2005-06-29 16:50,2005-06-29 17:30,2005-06-29 16:50,200506291730,SV,C,W,70,CON,ILC053,1258.3388671875,2005-06-29 17:20,,,,,False,,,,,,,200506291650-KLOT-WUUS53-SVRLOT,WILSON,2005
LOT,2005-07-20 16:58,2005-07-20 18:30,2005-07-20 16:58,200507201830,MA,C,W,13,NEW,LMZ766,4167.1474609375,2005-07-20 17:00,,,,,False,,,,,,,200507201658-KLOT-WHUS53-SMWLOT,FISHER,2005
LOT,2005-07-20 18:29,2005-07-20 20:00,2005-07-20 18:29,200507202000,MA,C,W,14,NEW,LMZ766,4167.1474609375,2005-07-20 18:33,,,,,False,,,,,,,200507201829-KLOT-WHUS53-SMWLOT,FISHER,2005
LOT,2005-07-20 19:37,2005-07-20 20:30,2005-07-20 19:37,200507202030,MA,C,W,15,NEW,LMZ743,149.4549560546875,2005-07-20 19:39,,,,,False,,,,,,,200507201937-KLOT-WHUS53-SMWLOT,,2005
LOT,2005-07-26 22:06,2005-07-26 22:29,2005-07-26 22:06,200507262245,SV,C,W,94,CAN,ILC099,2969.55517578125,2005-07-26 22:29,,,,,False,,,,,,,200507262206-KLOT-WUUS53-SVRLOT,FISHER,2005
LOT,2005-08-05 00:05,2005-08-05 00:35,2005-08-05 00:05,200508050030,SV,C,W,97,EXP,ILC053,1258.3388671875,2005-08-05 00:35,,,,,False,,,,,,,200508050005-KLOT-WUUS53-SVRLOT,MERZLOCK,2005
LOT,2005-09-13 23:03,2005-09-14 00:00,2005-09-13 23:03,200509140000,SV,C,W,103,CON,ILC007,729.1424560546875,2005-09-13 23:44,,,,,False,,,,,,,200509132303-KLOT-WUUS53-SVRLOT,,2005
LOT,2005-09-13 23:11,2005-09-14 00:45,2005-09-13 23:11,200509140045,MA,C,W,20,NEW,LMZ766,4167.1474609375,2005-09-13 23:12,,,,,False,,,,,,,200509132311-KLOT-WHUS53-SMWLOT,FISHER,2005
LOT,2005-09-22 18:51,2005-09-22 20:15,2005-09-22 18:51,200509222015,MA,C,W,21,NEW,LMZ766,4167.1474609375,2005-09-22 18:55,,,,,False,,,,,,,200509221851-KLOT-WHUS53-SMWLOT,WILSON,2005
LOT,2005-09-22 22:17,2005-09-22 23:00,2005-09-22 22:17,200509222300,SV,C,W,109,CON,ILC097,1216.920166015625,2005-09-22 22:58,,,,,False,,,,,,,200509222217-KLOT-WUUS53-SVRLOT,WILSON,2005
LOT,2005-10-02 20:11,2005-10-02 20:55,2005-10-02 20:11,200510022100,SV,C,W,113,CAN,ILC097,1216.920166015625,2005-10-02 20:55,,,,,False,,,,,,,200510022011-KLOT-WUUS53-SVRLOT,KREIN,2005
LOT,2005-11-06 04:17,2005-11-06 05:00,2005-11-06 04:17,200511060515,SV,C,W,125,CAN,ILC053,1258.3388671875,2005-11-06 05:00,,,,,False,,,,,,,200511060417-KLOT-WUUS53-SVRLOT,MARSILI,2005
LOT,2005-07-21 02:51,2005-07-21 03:21,2005-07-21 02:51,200507210345,SV,C,W,81,CAN,ILC063,1113.20361328125,2005-07-21 03:21,,,,,False,,,,,,,200507210251-KLOT-WUUS53-SVRLOT,,2005
LOT,2005-11-06 04:44,2005-11-06 05:25,2005-11-06 04:44,200511060530,SV,C,W,126,CAN,ILC091,1762.8453369140625,2005-11-06 05:25,,,,,False,,,,,,,200511060444-KLOT-WUUS53-SVRLOT,MARSILI,2005
LOT,2005-03-31 00:39,2005-03-31 01:45,2005-03-31 00:38,200503310145,SV,C,W,11,NEW,ILC093,834.3638305664062,2005-03-31 00:39,,,,,False,,,,,,,200503310038-KLOT-WUUS53-SVRLOT,KREIN,2005
LOT,2005-07-26 00:55,2005-07-26 02:30,2005-07-26 00:55,200507260230,MA,C,W,19,NEW,LMZ766,4167.1474609375,2005-07-26 00:55,,,,,False,,,,,,,200507260055-KLOT-WHUS53-SMWLOT,MARSILI,2005
LOT,2005-06-07 21:17,2005-06-07 21:50,2005-06-07 21:17,200506072200,SV,C,W,54,CAN,ILC091,1762.8453369140625,2005-06-07 21:50,,,,,False,,,,,,,200506072117-KLOT-WUUS53-SVRLOT,MARSILI,2005
LOT,2005-07-04 18:37,2005-07-04 19:15,2005-07-04 18:37,200507041915,MA,C,W,33,NEW,LMZ740,343.7041015625,2005-07-04 18:37,,,,,False,,,,,,,,,2005
LOT,2005-03-31 02:04,2005-03-31 03:00,2005-03-31 02:04,200503310300,MA,C,W,26,NEW,LMZ743,149.4549560546875,2005-03-31 02:04,,,,,False,,,,,,,,,2005
LOT,2005-05-09 19:50,2005-05-09 21:45,2005-05-09 19:50,200505092145,MA,C,W,27,NEW,LMZ741,197.1693115234375,2005-05-09 19:50,,,,,False,,,,,,,,,2005
LOT,2005-03-31 01:44,2005-03-31 02:45,2005-03-31 01:44,200503310245,MA,C,W,25,NEW,LMZ740,343.7041015625,2005-03-31 01:44,,,,,False,,,,,,,,,2005
LOT,2005-05-11 12:04,2005-05-11 13:00,2005-05-11 12:04,200505111300,MA,C,W,28,NEW,LMZ740,343.7041015625,2005-05-11 12:04,,,,,False,,,,,,,,,2005
LOT,2005-03-31 02:04,2005-03-31 03:00,2005-03-31 02:04,200503310300,MA,C,W,26,NEW,LMZ745,192.11265563964844,2005-03-31 02:04,,,,,False,,,,,,,,,2005
LOT,2005-03-30 21:31,2005-03-30 22:15,2005-03-30 21:31,200503302215,SV,C,W,2,CON,ILC141,1973.802001953125,2005-03-30 21:49,,,,,False,,,,,,,200503302131-KLOT-WUUS53-SVRLOT,KREIN,2005
LOT,2005-03-30 23:31,2005-03-31 00:30,2005-03-30 23:31,200503310030,MA,C,W,23,NEW,LMZ766,4167.1474609375,2005-03-30 23:31,,,,,False,,,,,,,,,2005
LOT,2005-07-25 14:43,2005-07-25 15:03,2005-07-25 14:43,200507251530,SV,C,W,89,CAN,ILC099,2969.55517578125,2005-07-25 15:03,,,,,False,,,,,,,200507251443-KLOT-WUUS53-SVRLOT,,2005
LOT,2005-06-04 18:01,2005-06-04 18:47,2005-06-04 18:01,200506041845,SV,C,W,39,EXP,ILC093,834.3638305664062,2005-06-04 18:47,,,,,False,,,,,,,200506041801-KLOT-WUUS53-SVRLOT,,2005
LOT,2005-06-04 18:01,2005-06-04 18:47,2005-06-04 18:01,200506041845,SV,C,W,39,EXP,ILC089,1355.1488037109375,2005-06-04 18:47,,,,,False,,,,,,,200506041801-KLOT-WUUS53-SVRLOT,,2005
LOT,2005-06-04 18:37,2005-06-04 19:30,2005-06-04 18:37,200506041930,SV,C,W,41,CON,ILC097,1216.920166015625,2005-06-04 19:27,,,,,False,,,,,,,200506041837-KLOT-WUUS53-SVRLOT,,2005
LOT,2005-06-05 18:31,2005-06-05 19:19,2005-06-05 18:30,200506051930,SV,C,W,49,CAN,ILC075,2892.026123046875,2005-06-05 19:19,,,,,False,,,,,,,200506051830-KLOT-WUUS53-SVRLOT,,2005
LOT,2005-06-11 00:13,2005-06-11 00:46,2005-06-11 00:13,200506110100,SV,C,W,62,CAN,ILC043,870.2639770507812,2005-06-11 00:46,,,,,False,,,,,,,200506110013-KLOT-WUUS53-SVRLOT,,2005
LOT,2005-06-14 02:24,2005-06-14 02:42,2005-06-14 02:24,200506140315,SV,C,W,67,CAN,INC089,1297.9404296875,2005-06-14 02:42,,,,,False,,,,,,,200506140224-KLOT-WUUS53-SVRLOT,,2005
LOT,2005-07-04 17:54,2005-07-04 18:44,2005-07-04 17:54,200507041845,SV,C,W,74,EXP,ILC097,1216.920166015625,2005-07-04 18:44,,,,,False,,,,,,,200507041754-KLOT-WUUS53-SVRLOT,,2005
LOT,2005-09-13 22:01,2005-09-13 22:25,2005-09-13 22:01,200509132245,SV,C,W,101,CAN,ILC201,1342.6602783203125,2005-09-13 22:25,,,,,False,,,,,,,200509132201-KLOT-WUUS53-SVRLOT,,2005
LOT,2005-09-13 22:22,2005-09-13 23:15,2005-09-13 22:22,200509132315,SV,C,W,102,CON,ILC141,1973.802001953125,2005-09-13 23:10,,,,,False,,,,,,,200509132222-KLOT-WUUS53-SVRLOT,,2005
LOT,2005-09-13 23:03,2005-09-13 23:29,2005-09-13 23:03,200509140000,SV,C,W,103,CAN,ILC201,1342.6602783203125,2005-09-13 23:29,,,,,False,,,,,,,200509132303-KLOT-WUUS53-SVRLOT,,2005
LOT,2005-09-22 22:25,2005-09-23 00:00,2005-09-22 22:25,200509230000,MA,C,W,22,NEW,LMZ766,4167.1474609375,2005-09-22 22:27,,,,,False,,,,,,,200509222225-KLOT-WHUS53-SMWLOT,,2005
LOT,2005-12-09 00:06,2005-12-09 06:00,2005-12-09 00:06,200512090600,HS,C,W,1,CON,INZ001,1271.4053955078125,2005-12-09 03:55,,,,,False,,,,,,,200512090006-KLOT-WWUS43-WSWLOT,,2005
LOT,2005-10-02 21:30,2005-10-02 22:03,2005-10-02 21:30,200510022230,SV,C,W,117,CAN,ILC075,2892.026123046875,2005-10-02 22:03,,,,,False,,,,,,,200510022130-KLOT-WUUS53-SVRLOT,KRAUSE,2005
LOT,2005-07-04 17:49,2005-07-04 18:45,2005-07-04 17:49,200507041845,MA,C,W,32,NEW,LMZ740,343.7041015625,2005-07-04 17:49,,,,,False,,,,,,,,,2005
LOT,2005-07-20 17:34,2005-07-20 18:17,2005-07-20 17:34,200507201815,SV,C,W,77,EXP,ILC097,1216.920166015625,2005-07-20 18:17,,,,,False,,,,,,,200507201734-KLOT-WUUS53-SVRLOT,FISHER,2005
LOT,2005-07-26 21:16,2005-07-26 22:00,2005-07-26 21:16,200507262200,SV,C,W,93,NEW,ILC099,2969.55517578125,2005-07-26 21:16,,,,,False,,,,,,,200507262116-KLOT-WUUS53-SVRLOT,FISHER,2005
LOT,2005-07-20 19:37,2005-07-20 20:30,2005-07-20 19:37,200507202030,MA,C,W,15,NEW,LMZ745,192.11265563964844,2005-07-20 19:39,,,,,False,,,,,,,200507201937-KLOT-WHUS53-SMWLOT,,2005
LOT,2005-07-26 22:58,2005-07-26 23:45,2005-07-26 22:58,200507262345,SV,C,W,95,NEW,ILC053,1258.3388671875,2005-07-26 22:58,,,,,False,,,,,,,200507262258-KLOT-WUUS53-SVRLOT,FISHER,2005
LOT,2005-01-13 01:45,2005-01-13 02:30,2005-01-13 01:45,200501130230,SV,C,W,127,NEW,ILC043,870.2639770507812,2005-01-13 01:45,,,,,False,,,,,,,200501130144-KLOT-WUUS53-SVRLOT,,2005
LOT,2005-06-05 19:38,2005-06-05 20:28,2005-06-05 19:38,200506052030,TO,C,W,8,CAN,INC073,1451.6278076171875,2005-06-05 20:28,,,,,False,,,,,,,200506051938-KLOT-WFUS53-TORLOT,,2005
LOT,2005-05-09 19:50,2005-05-09 21:45,2005-05-09 19:50,200505092145,MA,C,W,27,NEW,LMZ742,124.9140396118164,2005-05-09 19:50,,,,,False,,,,,,,,,2005
LOT,2005-09-22 22:25,2005-09-23 00:00,2005-09-22 22:25,200509230000,MA,C,W,22,NEW,LMZ740,343.7041015625,2005-09-22 22:27,,,,,False,,,,,,,200509222225-KLOT-WHUS53-SMWLOT,,2005
LOT,2005-09-22 22:25,2005-09-23 00:00,2005-09-22 22:25,200509230000,MA,C,W,22,NEW,LMZ741,197.1693115234375,2005-09-22 22:27,,,,,False,,,,,,,200509222225-KLOT-WHUS53-SMWLOT,,2005
LOT,2005-09-19 21:34,2005-09-19 22:07,2005-09-19 21:34,200509192215,SV,C,W,105,CAN,INC007,1051.2703857421875,2005-09-19 22:07,,,,,False,,,,,,,200509192134-KLOT-WUUS53-SVRLOT,,2005
LOT,2005-10-02 20:25,2005-10-02 20:39,2005-10-02 20:25,200510022100,SV,C,W,114,CAN,ILC141,1973.802001953125,2005-10-02 20:39,,,,,False,,,,,,,200510022025-KLOT-WUUS53-SVRLOT,MARSILI,2005
LOT,2005-09-13 22:01,2005-09-13 22:25,2005-09-13 22:01,200509132245,SV,C,W,101,CAN,ILC007,729.1424560546875,2005-09-13 22:25,,,,,False,,,,,,,200509132201-KLOT-WUUS53-SVRLOT,,2005
LOT,2005-06-04 18:01,2005-06-04 18:47,2005-06-04 18:01,200506041845,SV,C,W,39,EXP,ILC043,870.2639770507812,2005-06-04 18:47,,,,,False,,,,,,,200506041801-KLOT-WUUS53-SVRLOT,,2005
LOT,2005-07-20 19:37,2005-07-20 20:30,2005-07-20 19:37,200507202030,MA,C,W,15,NEW,LMZ766,4167.1474609375,2005-07-20 19:39,,,,,False,,,,,,,200507201937-KLOT-WHUS53-SMWLOT,,2005
LOT,2005-09-13 23:52,2005-09-14 00:08,2005-09-13 23:52,200509140030,SV,C,W,104,CAN,ILC097,1216.920166015625,2005-09-14 00:08,,,,,False,,,,,,,200509132352-KLOT-WUUS53-SVRLOT,,2005
LOT,2005-09-13 22:22,2005-09-13 23:10,2005-09-13 22:22,200509132315,SV,C,W,102,CAN,ILC103,1886.0966796875,2005-09-13 23:10,,,,,False,,,,,,,200509132222-KLOT-WUUS53-SVRLOT,,2005
LOT,2005-06-08 21:07,2005-06-08 21:58,2005-06-08 21:07,200506082200,SV,C,W,60,EXP,ILC105,2704.226318359375,2005-06-08 21:58,,,,,False,,,,,,,200506082107-KLOT-WUUS53-SVRLOT,,2005
LOT,2005-09-13 23:03,2005-09-14 00:00,2005-09-13 23:03,200509140000,SV,C,W,103,CON,ILC111,1580.3455810546875,2005-09-13 23:44,,,,,False,,,,,,,200509132303-KLOT-WUUS53-SVRLOT,,2005
LOT,2005-06-04 18:37,2005-06-04 19:27,2005-06-04 18:37,200506041930,SV,C,W,41,CAN,ILC111,1580.3455810546875,2005-06-04 19:27,,,,,False,,,,,,,200506041837-KLOT-WUUS53-SVRLOT,,2005
LOT,2005-07-21 00:13,2005-07-21 00:44,2005-07-21 00:13,200507210100,SV,C,W,78,CAN,ILC105,2704.226318359375,2005-07-21 00:44,,,,,False,,,,,,,200507210013-KLOT-WUUS53-SVRLOT,BRUMER,2005
LOT,2005-10-02 20:39,2005-10-02 21:27,2005-10-02 20:39,200510022130,SV,C,W,115,CAN,ILC043,870.2639770507812,2005-10-02 21:27,,,,,False,,,,,,,200510022039-KLOT-WUUS53-SVRLOT,KREIN,2005
LOT,2005-10-02 22:17,2005-10-02 22:39,2005-10-02 22:17,200510022300,SV,C,W,120,CAN,ILC091,1762.8453369140625,2005-10-02 22:39,,,,,False,,,,,,,200510022217-KLOT-WUUS53-SVRLOT,MARSILI,2005
LOT,2005-10-02 22:32,2005-10-02 22:49,2005-10-02 22:32,200510022315,SV,C,W,122,CAN,ILC075,2892.026123046875,2005-10-02 22:49,,,,,False,,,,,,,200510022232-KLOT-WUUS53-SVRLOT,MARSILI,2005
LOT,2005-07-21 14:40,2005-07-21 16:15,2005-07-21 14:40,200507211615,MA,C,W,16,NEW,LMZ766,4167.1474609375,2005-07-21 14:43,,,,,False,,,,,,,200507211440-KLOT-WHUS53-SMWLOT,FISHER,2005
LOT,2005-06-11 19:43,2005-06-11 20:20,2005-06-11 19:43,200506112030,SV,C,W,64,CAN,ILC007,729.1424560546875,2005-06-11 20:20,,,,,False,,,,,,,200506111943-KLOT-WUUS53-SVRLOT,MARSILI,2005
LOT,2005-07-20 16:58,2005-07-20 18:30,2005-07-20 16:58,200507201830,MA,C,W,13,NEW,LMZ740,343.7041015625,2005-07-20 17:00,,,,,False,,,,,,,200507201658-KLOT-WHUS53-SMWLOT,FISHER,2005
LOT,2005-07-26 00:55,2005-07-26 02:30,2005-07-26 00:55,200507260230,MA,C,W,19,NEW,LMZ740,343.7041015625,2005-07-26 00:55,,,,,False,,,,,,,200507260055-KLOT-WHUS53-SMWLOT,MARSILI,2005
LOT,2005-07-20 18:29,2005-07-20 20:00,2005-07-20 18:29,200507202000,MA,C,W,14,NEW,LMZ740,343.7041015625,2005-07-20 18:33,,,,,False,,,,,,,200507201829-KLOT-WHUS53-SMWLOT,FISHER,2005
LOT,2005-07-26 04:45,2005-07-26 05:26,2005-07-26 04:45,200507260530,SV,C,W,92,CAN,ILC099,2969.55517578125,2005-07-26 05:26,,,,,False,,,,,,,200507260445-KLOT-WUUS53-SVRLOT,BRUMER,2005
LOT,2005-05-19 20:39,2005-05-19 21:15,2005-05-19 20:39,200505192115,SV,C,W,24,CON,ILC037,1642.110595703125,2005-05-19 20:55,,,,,False,,,,,,,200505192039-KLOT-WUUS53-SVRLOT,,2005
LOT,2005-07-26 04:45,2005-07-26 05:26,2005-07-26 04:45,200507260530,SV,C,W,92,CAN,ILC105,2704.226318359375,2005-07-26 05:26,,,,,False,,,,,,,200507260445-KLOT-WUUS53-SVRLOT,BRUMER,2005
LOT,2005-09-23 00:06,2005-09-23 00:40,2005-09-23 00:06,200509230045,SV,C,W,112,CAN,ILC089,1355.1488037109375,2005-09-23 00:40,,,,,False,,,,,,,200509230006-KLOT-WUUS53-SVRLOT,MARSILI,2005
LOT,2005-01-13 01:45,2005-01-13 02:30,2005-01-13 01:45,200501130230,SV,C,W,127,NEW,ILC089,1355.1488037109375,2005-01-13 01:45,,,,,False,,,,,,,200501130144-KLOT-WUUS53-SVRLOT,,2005
LOT,2005-05-11 11:44,2005-05-11 12:22,2005-05-11 11:44,200505111215,SV,C,W,20,EXP,ILC091,1762.8453369140625,2005-05-11 12:22,,,,,False,,,,,,,200505111144-KLOT-WUUS53-SVRLOT,MERZLOCK,2005
LOT,2005-03-30 23:41,2005-03-31 00:45,2005-03-30 23:41,200503310045,SV,C,W,6,NEW,ILC099,2969.55517578125,2005-03-30 23:41,,,,,False,,,,,,,200503302341-KLOT-WUUS53-SVRLOT,KREIN,2005
LOT,2005-09-22 23:23,2005-09-23 00:30,2005-09-22 23:23,200509230030,SV,C,W,111,CON,ILC099,2969.55517578125,2005-09-23 00:01,,,,,False,,,,,,,200509222323-KLOT-WUUS53-SVRLOT,MARSILI,2005
LOT,2005-07-21 19:46,2005-07-21 20:30,2005-07-21 19:46,200507212030,SV,C,W,83,CON,INC127,1086.1654052734375,2005-07-21 20:10,,,,,False,,,,,,,200507211946-KLOT-WUUS53-SVRLOT,FISHER,2005
LOT,2005-07-21 23:54,2005-07-22 00:35,2005-07-21 23:54,200507220045,SV,C,W,84,CAN,ILC105,2704.226318359375,2005-07-22 00:35,,,,,False,,,,,,,200507212354-KLOT-WUUS53-SVRLOT,BRUMER,2005
LOT,2005-07-21 23:54,2005-07-22 00:45,2005-07-21 23:54,200507220045,SV,C,W,84,CON,ILC053,1258.3388671875,2005-07-22 00:35,,,,,False,,,,,,,200507212354-KLOT-WUUS53-SVRLOT,BRUMER,2005
LOT,2005-09-13 23:11,2005-09-14 00:45,2005-09-13 23:11,200509140045,MA,C,W,20,NEW,LMZ740,343.7041015625,2005-09-13 23:12,,,,,False,,,,,,,200509132311-KLOT-WHUS53-SMWLOT,FISHER,2005
LOT,2005-07-23 20:24,2005-07-23 22:00,2005-07-23 20:24,200507232200,MA,C,W,17,NEW,LMZ740,343.7041015625,2005-07-23 20:26,,,,,False,,,,,,,200507232024-KLOT-WHUS53-SMWLOT,MARSILI,2005
LOT,2005-07-23 20:57,2005-07-23 21:59,2005-07-23 20:57,200507232200,SV,C,W,88,EXP,ILC097,1216.920166015625,2005-07-23 21:59,,,,,False,,,,,,,200507232057-KLOT-WUUS53-SVRLOT,MARSILI,2005
LOT,2005-07-23 21:21,2005-07-23 23:15,2005-07-23 21:21,200507232315,MA,C,W,18,NEW,LMZ740,343.7041015625,2005-07-23 21:23,,,,,False,,,,,,,200507232121-KLOT-WHUS53-SMWLOT,MARSILI,2005
LOT,2005-07-23 21:21,2005-07-23 23:15,2005-07-23 21:21,200507232315,MA,C,W,18,NEW,LMZ766,4167.1474609375,2005-07-23 21:23,,,,,False,,,,,,,200507232121-KLOT-WHUS53-SMWLOT,MARSILI,2005
LOT,2005-07-23 21:21,2005-07-23 23:15,2005-07-23 21:21,200507232315,MA,C,W,18,NEW,LMZ745,192.11265563964844,2005-07-23 21:23,,,,,False,,,,,,,200507232121-KLOT-WHUS53-SMWLOT,MARSILI,2005
LOT,2005-07-23 21:21,2005-07-23 23:15,2005-07-23 21:21,200507232315,MA,C,W,18,NEW,LMZ744,132.90194702148438,2005-07-23 21:23,,,,,False,,,,,,,200507232121-KLOT-WHUS53-SMWLOT,MARSILI,2005
LOT,2005-07-23 21:21,2005-07-23 23:15,2005-07-23 21:21,200507232315,MA,C,W,18,NEW,LMZ742,124.9140396118164,2005-07-23 21:23,,,,,False,,,,,,,200507232121-KLOT-WHUS53-SMWLOT,MARSILI,2005
LOT,2005-07-23 21:21,2005-07-23 23:15,2005-07-23 21:21,200507232315,MA,C,W,18,NEW,LMZ743,149.4549560546875,2005-07-23 21:23,,,,,False,,,,,,,200507232121-KLOT-WHUS53-SMWLOT,MARSILI,2005
LOT,2005-05-13 18:26,2005-05-13 18:46,2005-05-13 18:26,200505131845,SV,C,W,23,EXP,INC007,1051.2703857421875,2005-05-13 18:46,,,,,False,,,,,,,200505131826-KLOT-WUUS53-SVRLOT,FISHER,2005
LOT,2005-06-14 01:14,2005-06-14 01:35,2005-06-14 01:14,200506140200,SV,C,W,66,CAN,ILC053,1258.3388671875,2005-06-14 01:35,,,,,False,,,,,,,200506140114-KLOT-WUUS53-SVRLOT,RATZER,2005
LOT,2005-07-26 00:55,2005-07-26 02:30,2005-07-26 00:55,200507260230,MA,C,W,19,NEW,LMZ742,124.9140396118164,2005-07-26 00:55,,,,,False,,,,,,,200507260055-KLOT-WHUS53-SMWLOT,MARSILI,2005
LOT,2005-07-26 00:55,2005-07-26 02:30,2005-07-26 00:55,200507260230,MA,C,W,19,NEW,LMZ741,197.1693115234375,2005-07-26 00:55,,,,,False,,,,,,,200507260055-KLOT-WHUS53-SMWLOT,MARSILI,2005
LOT,2005-07-26 04:45,2005-07-26 05:26,2005-07-26 04:45,200507260530,SV,C,W,92,CAN,ILC063,1113.20361328125,2005-07-26 05:26,,,,,False,,,,,,,200507260445-KLOT-WUUS53-SVRLOT,BRUMER,2005
LOT,2005-06-08 19:51,2005-06-08 21:15,2005-06-08 19:51,200506082115,MA,C,W,31,NEW,LMZ741,197.1693115234375,2005-06-08 19:51,,,,,False,,,,,,,,,2005
LOT,2005-06-08 21:32,2005-06-08 22:00,2005-06-08 21:32,200506082215,SV,C,W,61,CAN,ILC091,1762.8453369140625,2005-06-08 22:00,,,,,False,,,,,,,200506082132-KLOT-WUUS53-SVRLOT,SOMREK,2005
LOT,2005-03-31 01:41,2005-03-31 02:10,2005-03-31 01:41,200503310245,SV,C,W,15,CAN,ILC031,2478.141845703125,2005-03-31 02:10,,,,,False,,,,,,,200503310141-KLOT-WUUS53-SVRLOT,KREIN,2005
LOT,2005-06-11 19:43,2005-06-11 20:20,2005-06-11 19:43,200506112030,SV,C,W,64,CAN,ILC141,1973.802001953125,2005-06-11 20:20,,,,,False,,,,,,,200506111943-KLOT-WUUS53-SVRLOT,MARSILI,2005
LOT,2005-05-13 17:45,2005-05-13 18:15,2005-05-13 17:45,200505131815,SV,C,W,21,NEW,ILC043,870.2639770507812,2005-05-13 17:45,,,,,False,,,,,,,200505131745-KLOT-WUUS53-SVRLOT,PIETRYCHA,2005
LOT,2005-05-13 17:45,2005-05-13 18:15,2005-05-13 17:45,200505131815,SV,C,W,21,NEW,ILC197,2196.546142578125,2005-05-13 17:45,,,,,False,,,,,,,200505131745-KLOT-WUUS53-SVRLOT,PIETRYCHA,2005
LOT,2005-05-13 17:47,2005-05-13 18:14,2005-05-13 17:47,200505131814,SV,C,W,22,EXP,ILC031,2478.141845703125,2005-05-13 18:14,,,,,False,,,,,,,200505131747-KLOT-WUUS53-SVRLOT-CCA,PIETRYCHA,2005
LOT,2005-01-13 01:45,2005-01-13 02:30,2005-01-13 01:45,200501130230,SV,C,W,127,NEW,ILC093,834.3638305664062,2005-01-13 01:45,,,,,False,,,,,,,200501130144-KLOT-WUUS53-SVRLOT,,2005
LOT,2005-03-07 07:11,2005-03-07 07:45,2005-03-07 07:10,200503070745,SV,C,W,1,CON,ILC007,729.1424560546875,2005-05-07 07:34,,,,,False,,,,,,,200503070710-KLOT-WUUS53-SVRLOT,WILSON,2005
LOT,2005-03-30 22:16,2005-03-30 23:00,2005-03-30 22:15,200503302300,TO,C,W,6,CON,ILC063,1113.20361328125,2005-03-30 22:42,,,,,False,,,,,,,200503302215-KLOT-WFUS53-TORLOT,KREIN,2005
LOT,2005-03-30 22:54,2005-03-30 23:45,2005-03-30 22:52,200503302345,SV,C,W,3,CON,ILC043,870.2639770507812,2005-03-30 23:34,,,,,False,,,,,,,200503302252-KLOT-WUUS53-SVRLOT,KREIN,2005
LOT,2005-03-30 23:20,2005-03-31 00:15,2005-03-30 23:20,200503310015,SV,C,W,4,CON,ILC031,2478.141845703125,2005-03-30 23:58,,,,,False,,,,,,,200503302320-KLOT-WUUS53-SVRLOT,KREIN,2005
LOT,2005-03-30 23:24,2005-03-30 23:54,2005-03-30 23:24,200503310030,SV,C,W,5,CAN,ILC063,1113.20361328125,2005-03-30 23:54,,,,,False,,,,,,,200503302324-KLOT-WUUS53-SVRLOT,KREIN,2005
LOT,2005-05-13 17:47,2005-05-13 18:14,2005-05-13 17:47,200505131814,SV,C,W,22,EXP,ILC197,2196.546142578125,2005-05-13 18:14,,,,,False,,,,,,,200505131747-KLOT-WUUS53-SVRLOT-CCA,PIETRYCHA,2005
LOT,2005-03-30 23:24,2005-03-31 00:30,2005-03-30 23:24,200503310030,SV,C,W,5,NEW,ILC197,2196.546142578125,2005-03-30 23:24,,,,,False,,,,,,,200503302324-KLOT-WUUS53-SVRLOT,KREIN,2005
LOT,2005-03-30 23:24,2005-03-30 23:54,2005-03-30 23:24,200503310030,SV,C,W,5,CAN,ILC105,2704.226318359375,2005-03-30 23:54,,,,,False,,,,,,,200503302324-KLOT-WUUS53-SVRLOT,KREIN,2005
LOT,2005-03-31 00:20,2005-03-31 01:15,2005-03-31 00:19,200503310115,SV,C,W,9,CON,ILC099,2969.55517578125,2005-03-31 00:49,,,,,False,,,,,,,200503310019-KLOT-WUUS53-SVRLOT,KREIN,2005
LOT,2005-03-31 00:30,2005-03-31 01:30,2005-03-31 00:30,200503310130,SV,C,W,10,CON,ILC099,2969.55517578125,2005-03-31 00:50,,,,,False,,,,,,,200503310030-KLOT-WUUS53-SVRLOT,KREIN,2005
LOT,2005-03-31 00:55,2005-03-31 02:00,2005-03-31 00:55,200503310200,SV,C,W,12,NEW,ILC197,2196.546142578125,2005-03-31 00:55,,,,,False,,,,,,,200503310055-KLOT-WUUS53-SVRLOT,KREIN,2005
LOT,2005-03-31 01:05,2005-03-31 02:00,2005-03-31 01:05,200503310200,SV,C,W,13,NEW,ILC111,1580.3455810546875,2005-03-31 01:05,,,,,False,,,,,,,200503310105-KLOT-WUUS53-SVRLOT,KREIN,2005
LOT,2005-03-31 01:05,2005-03-31 01:32,2005-03-31 01:05,200503310200,SV,C,W,13,CAN,ILC007,729.1424560546875,2005-03-31 01:32,,,,,False,,,,,,,200503310105-KLOT-WUUS53-SVRLOT,KREIN,2005
LOT,2005-03-31 01:11,2005-03-31 02:15,2005-03-31 01:10,200503310215,SV,C,W,14,CON,ILC105,2704.226318359375,2005-03-31 02:06,,,,,False,,,,,,,200503310110-KLOT-WUUS53-SVRLOT,KREIN,2005
LOT,2005-03-31 01:11,2005-03-31 02:15,2005-03-31 01:10,200503310215,SV,C,W,14,CON,ILC075,2892.026123046875,2005-03-31 02:06,,,,,False,,,,,,,200503310110-KLOT-WUUS53-SVRLOT,KREIN,2005
LOT,2005-03-31 01:11,2005-03-31 02:15,2005-03-31 01:10,200503310215,SV,C,W,14,CON,ILC053,1258.3388671875,2005-03-31 02:06,,,,,False,,,,,,,200503310110-KLOT-WUUS53-SVRLOT,KREIN,2005
LOT,2005-03-31 01:52,2005-03-31 02:15,2005-03-31 01:51,200503310215,SV,C,W,16,NEW,ILC031,2478.141845703125,2005-03-31 01:52,,,,,False,,,,,,,200503310151-KLOT-WUUS53-SVRLOT,TRS,2005
LOT,2005-03-31 01:52,2005-03-31 02:15,2005-03-31 01:51,200503310215,SV,C,W,16,NEW,ILC197,2196.546142578125,2005-03-31 01:52,,,,,False,,,,,,,200503310151-KLOT-WUUS53-SVRLOT,TRS,2005
LOT,2005-03-31 02:16,2005-03-31 02:33,2005-03-31 02:15,200503310230,SV,C,W,17,EXP,ILC197,2196.546142578125,2005-03-31 02:33,,,,,False,,,,,,,200503310215-KLOT-WUUS53-SVRLOT,TRS,2005
LOT,2005-05-11 11:19,2005-05-11 11:45,2005-05-11 11:19,200505111145,SV,C,W,19,CON,ILC197,2196.546142578125,2005-05-11 11:35,,,,,False,,,,,,,200505111119-KLOT-WUUS53-SVRLOT,MERZLOCK,2005
LOT,2005-05-13 17:45,2005-05-13 18:15,2005-05-13 17:45,200505131815,SV,C,W,21,NEW,ILC031,2478.141845703125,2005-05-13 17:45,,,,,False,,,,,,,200505131745-KLOT-WUUS53-SVRLOT,PIETRYCHA,2005
LOT,2005-05-19 20:52,2005-05-19 21:15,2005-05-19 20:52,200505192115,SV,C,W,25,CON,ILC201,1342.6602783203125,2005-05-19 21:07,,,,,False,,,,,,,200505192052-KLOT-WUUS53-SVRLOT,RATZER,2005
LOT,2005-05-19 21:07,2005-05-19 21:45,2005-05-19 21:07,200505192145,SV,C,W,26,CON,ILC093,834.3638305664062,2005-05-19 21:21,,,,,False,,,,,,,200505192107-KLOT-WUUS53-SVRLOT,KREIN,2005
LOT,2005-05-19 21:24,2005-05-19 22:15,2005-05-19 21:24,200505192215,SV,C,W,28,CON,ILC197,2196.546142578125,2005-05-19 21:45,,,,,False,,,,,,,200505192124-KLOT-WUUS53-SVRLOT,KREIN,2005
LOT,2005-05-19 21:44,2005-05-19 22:26,2005-05-19 21:44,200505192230,SV,C,W,30,EXP,ILC201,1342.6602783203125,2005-05-19 22:26,,,,,False,,,,,,,200505192144-KLOT-WUUS53-SVRLOT,RATZER,2005
LOT,2005-05-19 22:01,2005-05-19 22:45,2005-05-19 22:01,200505192245,SV,C,W,31,CON,ILC097,1216.920166015625,2005-05-19 22:31,,,,,False,,,,,,,200505192201-KLOT-WUUS53-SVRLOT,RATZER,2005
LOT,2005-05-19 22:11,2005-05-19 22:15,2005-05-19 22:11,200505192215,SV,C,W,32,NEW,ILC197,2196.546142578125,2005-05-19 22:11,,,,,False,,,,,,,200505192211-KLOT-WUUS53-SVRLOT,KREIN,2005
LOT,2005-05-19 22:19,2005-05-19 22:45,2005-05-19 22:19,200505192245,SV,C,W,33,CON,ILC091,1762.8453369140625,2005-05-19 22:31,,,,,False,,,,,,,200505192219-KLOT-WUUS53-SVRLOT,KREIN,2005
LOT,2005-05-19 22:38,2005-05-19 23:22,2005-05-19 22:38,200505192345,SV,C,W,35,CAN,ILC091,1762.8453369140625,2005-05-19 23:22,,,,,False,,,,,,,200505192238-KLOT-WUUS53-SVRLOT,KREIN,2005
LOT,2005-05-19 23:34,2005-05-20 00:15,2005-05-19 23:34,200505200015,SV,C,W,36,CON,ILC075,2892.026123046875,2005-05-20 00:01,,,,,False,,,,,,,200505192334-KLOT-WUUS53-SVRLOT,KREIN,2005
LOT,2005-06-08 21:32,2005-06-08 22:00,2005-06-08 21:32,200506082215,SV,C,W,61,CAN,ILC063,1113.20361328125,2005-06-08 22:00,,,,,False,,,,,,,200506082132-KLOT-WUUS53-SVRLOT,SOMREK,2005
LOT,2005-06-04 18:28,2005-06-04 19:15,2005-06-04 18:28,200506041915,SV,C,W,40,CON,ILC197,2196.546142578125,2005-06-04 18:59,,,,,False,,,,,,,200506041828-KLOT-WUUS53-SVRLOT,KREIN,2005
LOT,2005-06-04 21:19,2005-06-04 22:00,2005-06-04 21:19,200506042200,SV,C,W,43,CON,ILC197,2196.546142578125,2005-06-04 21:39,,,,,False,,,,,,,200506042119-KLOT-WUUS53-SVRLOT,KREIN,2005
LOT,2005-06-04 21:58,2005-06-04 23:00,2005-06-04 21:58,200506042300,SV,C,W,44,CON,INC089,1297.9404296875,2005-06-04 22:38,,,,,False,,,,,,,200506042158-KLOT-WUUS53-SVRLOT,KREIN,2005
LOT,2005-06-05 01:28,2005-06-05 01:45,2005-06-05 01:28,200506050200,SV,C,W,45,CAN,INC073,1451.6278076171875,2005-06-05 01:45,,,,,False,,,,,,,200506050128-KLOT-WUUS53-SVRLOT,KREIN,2005
LOT,2005-06-05 01:28,2005-06-05 01:45,2005-06-05 01:28,200506050200,SV,C,W,45,CAN,INC127,1086.1654052734375,2005-06-05 01:45,,,,,False,,,,,,,200506050128-KLOT-WUUS53-SVRLOT,KREIN,2005
LOT,2005-06-05 02:55,2005-06-05 03:45,2005-06-05 02:55,200506050345,SV,C,W,46,CON,ILC111,1580.3455810546875,2005-06-05 03:30,,,,,False,,,,,,,200506050255-KLOT-WUUS53-SVRLOT,KREIN,2005
LOT,2005-06-05 03:23,2005-06-05 04:13,2005-06-05 03:23,200506050415,SV,C,W,47,EXP,ILC111,1580.3455810546875,2005-06-05 04:13,,,,,False,,,,,,,200506050323-KLOT-WUUS53-SVRLOT,RATZER,2005
LOT,2005-06-05 19:09,2005-06-05 20:00,2005-06-05 19:09,200506052000,SV,C,W,51,CON,INC127,1086.1654052734375,2005-06-05 19:46,,,,,False,,,,,,,200506051909-KLOT-WUUS53-SVRLOT,KREIN,2005
LOT,2005-06-05 19:24,2005-06-05 20:00,2005-06-05 19:24,200506052000,TO,C,W,7,CON,INC007,1051.2703857421875,2005-06-05 19:34,,,,,False,,,,,,,200506051924-KLOT-WFUS53-TORLOT,MERZLOCK,2005
LOT,2005-06-05 20:00,2005-06-05 20:30,2005-06-05 20:00,200506052100,SV,C,W,52,CAN,INC127,1086.1654052734375,2005-06-05 20:30,,,,,False,,,,,,,200506052000-KLOT-WUUS53-SVRLOT,KREIN,2005
LOT,2005-06-06 03:11,2005-06-06 03:44,2005-06-06 03:11,200506060345,SV,C,W,53,CAN,INC073,1451.6278076171875,2005-06-06 03:44,,,,,False,,,,,,,200506060311-KLOT-WUUS53-SVRLOT,KREIN,2005
LOT,2005-06-07 21:17,2005-06-07 22:00,2005-06-07 21:17,200506072200,SV,C,W,54,CON,INC089,1297.9404296875,2005-06-07 21:50,,,,,False,,,,,,,200506072117-KLOT-WUUS53-SVRLOT,MARSILI,2005
LOT,2005-06-07 21:58,2005-06-07 22:27,2005-06-07 21:58,200506072245,SV,C,W,55,CAN,INC089,1297.9404296875,2005-06-07 22:27,,,,,False,,,,,,,200506072158-KLOT-WUUS53-SVRLOT,MARSILI,2005
LOT,2005-06-07 21:58,2005-06-07 22:27,2005-06-07 21:58,200506072245,SV,C,W,55,CAN,INC127,1086.1654052734375,2005-06-07 22:27,,,,,False,,,,,,,200506072158-KLOT-WUUS53-SVRLOT,MARSILI,2005
LOT,2005-06-14 00:21,2005-06-14 01:15,2005-06-14 00:21,200506140115,SV,C,W,65,CON,ILC053,1258.3388671875,2005-06-14 00:48,,,,,False,,,,,,,200506140021-KLOT-WUUS53-SVRLOT,RATZER,2005
LOT,2005-06-14 00:21,2005-06-14 01:15,2005-06-14 00:21,200506140115,SV,C,W,65,CON,ILC075,2892.026123046875,2005-06-14 00:48,,,,,False,,,,,,,200506140021-KLOT-WUUS53-SVRLOT,RATZER,2005
LOT,2005-06-14 01:14,2005-06-14 01:48,2005-06-14 01:14,200506140200,SV,C,W,66,CAN,ILC075,2892.026123046875,2005-06-14 01:48,,,,,False,,,,,,,200506140114-KLOT-WUUS53-SVRLOT,RATZER,2005
LOT,2005-06-27 00:09,2005-06-27 00:48,2005-06-27 00:09,200506270100,SV,C,W,69,CAN,ILC043,870.2639770507812,2005-06-27 00:48,,,,,False,,,,,,,200506270009-KLOT-WUUS53-SVRLOT,WILSON,2005
LOT,2005-06-27 00:09,2005-06-27 00:48,2005-06-27 00:09,200506270100,SV,C,W,69,CAN,ILC197,2196.546142578125,2005-06-27 00:48,,,,,False,,,,,,,200506270009-KLOT-WUUS53-SVRLOT,WILSON,2005
LOT,2005-06-30 00:15,2005-06-30 00:42,2005-06-30 00:15,200506300045,SV,C,W,71,CAN,ILC099,2969.55517578125,2005-06-30 00:42,,,,,False,,,,,,,200506300015-KLOT-WUUS53-SVRLOT,MERZLOCK,2005
LOT,2005-06-30 09:37,2005-06-30 10:12,2005-06-30 09:37,200506301015,SV,C,W,72,CAN,ILC093,834.3638305664062,2005-06-30 10:12,,,,,False,,,,,,,200506300937-KLOT-WUUS53-SVRLOT,MARSILI,2005
LOT,2005-06-30 09:37,2005-06-30 10:12,2005-06-30 09:37,200506301015,SV,C,W,72,CAN,ILC089,1355.1488037109375,2005-06-30 10:12,,,,,False,,,,,,,200506300937-KLOT-WUUS53-SVRLOT,MARSILI,2005
LOT,2005-07-04 17:26,2005-07-04 18:17,2005-07-04 17:26,200507041830,SV,C,W,73,CAN,ILC089,1355.1488037109375,2005-07-04 18:17,,,,,False,,,,,,,200507041726-KLOT-WUUS53-SVRLOT,RATZER,2005
LOT,2005-07-04 18:11,2005-07-04 18:58,2005-07-04 18:11,200507041900,SV,C,W,75,CAN,ILC197,2196.546142578125,2005-07-04 18:58,,,,,False,,,,,,,200507041811-KLOT-WUUS53-SVRLOT,MERZLOCK,2005
LOT,2005-07-06 21:38,2005-07-06 22:10,2005-07-06 21:38,200507062230,SV,C,W,76,CAN,INC073,1451.6278076171875,2005-07-06 22:10,,,,,False,,,,,,,200507062138-KLOT-WUUS53-SVRLOT,WILSON,2005
LOT,2005-07-20 18:29,2005-07-20 20:00,2005-07-20 18:29,200507202000,MA,C,W,14,NEW,LMZ741,197.1693115234375,2005-07-20 18:33,,,,,False,,,,,,,200507201829-KLOT-WHUS53-SMWLOT,FISHER,2005
LOT,2005-07-26 21:44,2005-07-26 21:59,2005-07-26 21:44,200507262215,TO,C,W,9,CAN,ILC099,2969.55517578125,2005-07-26 21:59,,,,,False,,,,,,,200507262144-KLOT-WFUS53-TORLOT,FISHER,2005
LOT,2005-07-27 00:01,2005-07-27 00:40,2005-07-27 00:01,200507270045,SV,C,W,96,CAN,ILC075,2892.026123046875,2005-07-27 00:40,,,,,False,,,,,,,200507270001-KLOT-WUUS53-SVRLOT,FISHER,2005
LOT,2005-07-27 00:01,2005-07-27 00:40,2005-07-27 00:01,200507270045,SV,C,W,96,CAN,INC007,1051.2703857421875,2005-07-27 00:40,,,,,False,,,,,,,200507270001-KLOT-WUUS53-SVRLOT,FISHER,2005
LOT,2005-08-12 00:38,2005-08-12 01:30,2005-08-12 00:38,200508120130,SV,C,W,98,EXP,ILC053,1258.3388671875,2005-08-12 01:30,,,,,False,,,,,,,200508120038-KLOT-WUUS53-SVRLOT,WILSON,2005
LOT,2005-08-18 15:14,2005-08-18 15:33,2005-08-18 15:14,200508181600,SV,C,W,99,CAN,ILC103,1886.0966796875,2005-08-18 15:33,,,,,False,,,,,,,200508181514-KLOT-WUUS53-SVRLOT,LABAS,2005
LOT,2005-08-18 15:14,2005-08-18 15:33,2005-08-18 15:14,200508181600,SV,C,W,99,CAN,ILC037,1642.110595703125,2005-08-18 15:33,,,,,False,,,,,,,200508181514-KLOT-WUUS53-SVRLOT,LABAS,2005
LOT,2005-08-19 07:23,2005-08-19 07:55,2005-08-19 07:23,200508190815,SV,C,W,100,CAN,ILC053,1258.3388671875,2005-08-19 07:55,,,,,False,,,,,,,200508190723-KLOT-WUUS53-SVRLOT,MERZLOCK,2005
LOT,2005-09-19 21:39,2005-09-19 22:23,2005-09-19 21:39,200509192230,SV,C,W,106,CAN,ILC075,2892.026123046875,2005-09-19 22:23,,,,,False,,,,,,,200509192139-KLOT-WUUS53-SVRLOT,MERZLOCK,2005
LOT,2005-09-19 21:39,2005-09-19 22:23,2005-09-19 21:39,200509192230,SV,C,W,106,CAN,ILC053,1258.3388671875,2005-09-19 22:23,,,,,False,,,,,,,200509192139-KLOT-WUUS53-SVRLOT,MERZLOCK,2005
LOT,2005-09-22 18:51,2005-09-22 20:15,2005-09-22 18:51,200509222015,MA,C,W,21,NEW,LMZ740,343.7041015625,2005-09-22 18:55,,,,,False,,,,,,,200509221851-KLOT-WHUS53-SMWLOT,WILSON,2005
LOT,2005-09-22 18:56,2005-09-22 19:15,2005-09-22 18:56,200509221930,SV,C,W,107,CAN,ILC097,1216.920166015625,2005-09-22 19:15,,,,,False,,,,,,,200509221856-KLOT-WUUS53-SVRLOT,LABAS,2005
LOT,2005-09-22 21:49,2005-09-22 22:30,2005-09-22 21:49,200509222230,SV,C,W,108,CON,ILC111,1580.3455810546875,2005-09-22 22:24,,,,,False,,,,,,,200509222149-KLOT-WUUS53-SVRLOT,WILSON,2005
LOT,2005-09-22 23:00,2005-09-22 23:30,2005-09-22 23:00,200509222330,SV,C,W,110,EXP,ILC031,2478.141845703125,2005-09-22 23:31,,,,,False,,,,,,,200509222300-KLOT-WUUS53-SVRLOT,WILSON,2005
LOT,2005-09-23 00:06,2005-09-23 00:40,2005-09-23 00:06,200509230045,SV,C,W,112,CAN,ILC037,1642.110595703125,2005-09-23 00:40,,,,,False,,,,,,,200509230006-KLOT-WUUS53-SVRLOT,MARSILI,2005
LOT,2005-09-23 00:24,2005-09-23 00:49,2005-09-23 00:24,200509230115,TO,C,W,11,CAN,ILC099,2969.55517578125,2005-09-23 00:49,,,,,False,,,,,,,200509230024-KLOT-WFUS53-TORLOT,MARSILI,2005
LOT,2005-10-02 21:14,2005-10-02 22:00,2005-10-02 21:14,200510022200,SV,C,W,116,CON,ILC091,1762.8453369140625,2005-10-02 21:36,,,,,False,,,,,,,200510022114-KLOT-WUUS53-SVRLOT,MARSILI,2005
LOT,2005-10-02 21:14,2005-10-02 22:00,2005-10-02 21:14,200510022200,SV,C,W,116,CON,ILC197,2196.546142578125,2005-10-02 21:36,,,,,False,,,,,,,200510022114-KLOT-WUUS53-SVRLOT,MARSILI,2005
LOT,2005-10-02 21:49,2005-10-02 22:18,2005-10-02 21:49,200510022230,SV,C,W,119,CAN,ILC053,1258.3388671875,2005-10-02 22:18,,,,,False,,,,,,,200510022149-KLOT-WUUS53-SVRLOT,MARSILI,2005
LOT,2005-10-02 21:49,2005-10-02 22:18,2005-10-02 21:49,200510022230,SV,C,W,119,CAN,ILC105,2704.226318359375,2005-10-02 22:18,,,,,False,,,,,,,200510022149-KLOT-WUUS53-SVRLOT,MARSILI,2005
LOT,2005-10-02 22:27,2005-10-02 22:58,2005-10-02 22:27,200510022300,SV,C,W,121,CAN,ILC031,2478.141845703125,2005-10-02 22:58,,,,,False,,,,,,,200510022227-KLOT-WUUS53-SVRLOT,KREIN,2005
LOT,2005-10-02 23:51,2005-10-03 00:15,2005-10-02 23:51,200510030030,SV,C,W,123,CAN,ILC075,2892.026123046875,2005-10-03 00:15,,,,,False,,,,,,,200510022351-KLOT-WUUS53-SVRLOT,MARSILI,2005
LOT,2005-11-06 03:53,2005-11-06 04:47,2005-11-06 03:53,200511060500,SV,C,W,124,CAN,ILC105,2704.226318359375,2005-11-06 04:47,,,,,False,,,,,,,200511060353-KLOT-WUUS53-SVRLOT,MARSILI,2005
LOT,2005-11-06 04:44,2005-11-06 05:25,2005-11-06 04:44,200511060530,SV,C,W,126,CAN,ILC197,2196.546142578125,2005-11-06 05:25,,,,,False,,,,,,,200511060444-KLOT-WUUS53-SVRLOT,MARSILI,2005
LOT,2005-05-19 23:51,2005-05-20 00:45,2005-05-19 23:51,200505200045,SV,C,W,37,CON,INC007,1051.2703857421875,2005-05-20 00:26,,,,,False,,,,,,,200505192351-KLOT-WUUS53-SVRLOT,KREIN,2005
LOT,2005-05-11 12:04,2005-05-11 13:00,2005-05-11 12:04,200505111300,MA,C,W,28,NEW,LMZ744,132.90194702148438,2005-05-11 12:04,,,,,False,,,,,,,,,2005
LOT,2005-05-19 08:52,2005-05-19 10:45,2005-05-19 08:52,200505191045,MA,C,W,29,NEW,LMZ741,197.1693115234375,2005-05-19 08:52,,,,,False,,,,,,,,,2005
LOT,2005-06-08 21:32,2005-06-08 22:00,2005-06-08 21:32,200506082215,SV,C,W,61,CAN,ILC197,2196.546142578125,2005-06-08 22:00,,,,,False,,,,,,,200506082132-KLOT-WUUS53-SVRLOT,SOMREK,2005
LOT,2005-05-19 22:19,2005-05-19 22:45,2005-05-19 22:19,200505192245,SV,C,W,33,CON,ILC197,2196.546142578125,2005-05-19 22:31,,,,,False,,,,,,,200505192219-KLOT-WUUS53-SVRLOT,KREIN,2005
LOT,2005-03-30 22:54,2005-03-30 23:45,2005-03-30 22:52,200503302345,SV,C,W,3,CON,ILC197,2196.546142578125,2005-03-30 23:34,,,,,False,,,,,,,200503302252-KLOT-WUUS53-SVRLOT,KREIN,2005
LOT,2005-07-26 01:15,2005-07-26 01:39,2005-07-26 01:15,200507260145,SV,C,W,91,CAN,ILC031,2478.141845703125,2005-07-26 01:39,,,,,False,,,,,,,200507260115-KLOT-WUUS53-SVRLOT,BRUMER,2005
LOT,2005-10-02 22:27,2005-10-02 22:58,2005-10-02 22:27,200510022300,SV,C,W,121,CAN,INC089,1297.9404296875,2005-10-02 22:58,,,,,False,,,,,,,200510022227-KLOT-WUUS53-SVRLOT,KREIN,2005
LOT,2005-10-02 21:47,2005-10-02 22:30,2005-10-02 21:47,200510022230,SV,C,W,118,CON,ILC031,2478.141845703125,2005-10-02 22:07,,,,,False,,,,,,,200510022147-KLOT-WUUS53-SVRLOT,KREIN,2005
LOT,2005-10-02 20:11,2005-10-02 20:55,2005-10-02 20:11,200510022100,SV,C,W,113,CAN,ILC031,2478.141845703125,2005-10-02 20:55,,,,,False,,,,,,,200510022011-KLOT-WUUS53-SVRLOT,KREIN,2005
LOT,2005-10-02 20:39,2005-10-02 21:27,2005-10-02 20:39,200510022130,SV,C,W,115,CAN,ILC031,2478.141845703125,2005-10-02 21:27,,,,,False,,,,,,,200510022039-KLOT-WUUS53-SVRLOT,KREIN,2005
LOT,2005-06-05 20:00,2005-06-05 20:30,2005-06-05 20:00,200506052100,SV,C,W,52,CAN,INC073,1451.6278076171875,2005-06-05 20:30,,,,,False,,,,,,,200506052000-KLOT-WUUS53-SVRLOT,KREIN,2005
LOT,2005-01-13 01:45,2005-01-13 02:30,2005-01-13 01:45,200501130230,SV,C,W,127,NEW,ILC063,1113.20361328125,2005-01-13 01:45,,,,,False,,,,,,,200501130144-KLOT-WUUS53-SVRLOT,,2005
LOT,2005-01-13 01:45,2005-01-13 02:30,2005-01-13 01:45,200501130230,SV,C,W,127,NEW,ILC197,2196.546142578125,2005-01-13 01:45,,,,,False,,,,,,,200501130144-KLOT-WUUS53-SVRLOT,,2005
LOT,2005-05-11 11:44,2005-05-11 12:22,2005-05-11 11:44,200505111215,SV,C,W,20,EXP,ILC197,2196.546142578125,2005-05-11 12:22,,,,,False,,,,,,,200505111144-KLOT-WUUS53-SVRLOT,MERZLOCK,2005
LOT,2005-03-31 02:04,2005-03-31 03:00,2005-03-31 02:04,200503310300,MA,C,W,26,NEW,LMZ744,132.90194702148438,2005-03-31 02:04,,,,,False,,,,,,,,,2005
LOT,2005-07-26 23:08,2005-07-26 23:26,2005-07-26 23:08,200507270000,TO,C,W,10,CAN,ILC105,2704.226318359375,2005-07-26 23:26,,,,,False,,,,,,,200507262308-KLOT-WFUS53-TORLOT,FISHER,2005
LOT,2005-07-26 23:08,2005-07-26 23:26,2005-07-26 23:08,200507270000,TO,C,W,10,CAN,ILC053,1258.3388671875,2005-07-26 23:26,,,,,False,,,,,,,200507262308-KLOT-WFUS53-TORLOT,FISHER,2005
LOT,2005-03-31 01:44,2005-03-31 02:45,2005-03-31 01:44,200503310245,MA,C,W,25,NEW,LMZ741,197.1693115234375,2005-03-31 01:44,,,,,False,,,,,,,,,2005
LOT,2005-03-31 00:34,2005-03-31 01:30,2005-03-31 00:34,200503310130,MA,C,W,24,NEW,LMZ742,124.9140396118164,2005-03-31 00:34,,,,,False,,,,,,,,,2005
LOT,2005-05-11 12:04,2005-05-11 13:00,2005-05-11 12:04,200505111300,MA,C,W,28,NEW,LMZ743,149.4549560546875,2005-05-11 12:04,,,,,False,,,,,,,,,2005
LOT,2005-05-19 08:52,2005-05-19 10:45,2005-05-19 08:52,200505191045,MA,C,W,29,NEW,LMZ740,343.7041015625,2005-05-19 08:52,,,,,False,,,,,,,,,2005
LOT,2005-05-11 12:04,2005-05-11 13:00,2005-05-11 12:04,200505111300,MA,C,W,28,NEW,LMZ745,192.11265563964844,2005-05-11 12:04,,,,,False,,,,,,,,,2005
LOT,2005-05-27 23:19,2005-05-28 00:15,2005-05-27 23:19,200505280015,MA,C,W,30,NEW,LMZ766,4167.1474609375,2005-05-27 23:19,,,,,False,,,,,,,,,2005
LOT,2005-03-31 00:34,2005-03-31 01:30,2005-03-31 00:34,200503310130,MA,C,W,24,NEW,LMZ741,197.1693115234375,2005-03-31 00:34,,,,,False,,,,,,,,,2005
LOT,2005-05-19 21:16,2005-05-19 21:50,2005-05-19 21:16,200505192200,SV,C,W,27,CAN,ILC007,729.1424560546875,2005-05-19 21:50,,,,,False,,,,,,,200505192116-KLOT-WUUS53-SVRLOT,RATZER,2005
LOT,2005-05-19 20:52,2005-05-19 21:15,2005-05-19 20:52,200505192115,SV,C,W,25,CON,ILC007,729.1424560546875,2005-05-19 21:07,,,,,False,,,,,,,200505192052-KLOT-WUUS53-SVRLOT,RATZER,2005
LOT,2005-07-20 16:58,2005-07-20 18:30,2005-07-20 16:58,200507201830,MA,C,W,13,NEW,LMZ741,197.1693115234375,2005-07-20 17:00,,,,,False,,,,,,,200507201658-KLOT-WHUS53-SMWLOT,FISHER,2005
LOT,2005-07-20 18:29,2005-07-20 20:00,2005-07-20 18:29,200507202000,MA,C,W,14,NEW,LMZ742,124.9140396118164,2005-07-20 18:33,,,,,False,,,,,,,200507201829-KLOT-WHUS53-SMWLOT,FISHER,2005
LOT,2005-07-20 19:37,2005-07-20 20:30,2005-07-20 19:37,200507202030,MA,C,W,15,NEW,LMZ742,124.9140396118164,2005-07-20 19:39,,,,,False,,,,,,,200507201937-KLOT-WHUS53-SMWLOT,,2005
LOT,2005-07-20 18:29,2005-07-20 20:00,2005-07-20 18:29,200507202000,MA,C,W,14,NEW,LMZ743,149.4549560546875,2005-07-20 18:33,,,,,False,,,,,,,200507201829-KLOT-WHUS53-SMWLOT,FISHER,2005
LOT,2005-03-31 00:55,2005-03-31 02:00,2005-03-31 00:55,200503310200,SV,C,W,12,NEW,ILC031,2478.141845703125,2005-03-31 00:55,,,,,False,,,,,,,200503310055-KLOT-WUUS53-SVRLOT,KREIN,2005
LOT,2005-09-22 22:17,2005-09-22 23:00,2005-09-22 22:17,200509222300,SV,C,W,109,CON,ILC031,2478.141845703125,2005-09-22 22:58,,,,,False,,,,,,,200509222217-KLOT-WUUS53-SVRLOT,WILSON,2005
LOT,2005-06-05 19:09,2005-06-05 20:00,2005-06-05 19:09,200506052000,SV,C,W,51,CON,INC073,1451.6278076171875,2005-06-05 19:46,,,,,False,,,,,,,200506051909-KLOT-WUUS53-SVRLOT,KREIN,2005
LOT,2005-03-31 02:16,2005-03-31 02:33,2005-03-31 02:15,200503310230,SV,C,W,17,EXP,ILC031,2478.141845703125,2005-03-31 02:33,,,,,False,,,,,,,200503310215-KLOT-WUUS53-SVRLOT,TRS,2005
LOT,2005-03-31 00:13,2005-03-31 01:15,2005-03-31 00:13,200503310115,SV,C,W,8,CON,ILC031,2478.141845703125,2005-03-31 00:47,,,,,False,,,,,,,200503310013-KLOT-WUUS53-SVRLOT,KREIN,2005
LOT,2005-03-31 00:20,2005-03-31 01:15,2005-03-31 00:19,200503310115,SV,C,W,9,CON,ILC037,1642.110595703125,2005-03-31 00:49,,,,,False,,,,,,,200503310019-KLOT-WUUS53-SVRLOT,KREIN,2005
LOT,2005-03-31 00:04,2005-03-31 00:45,2005-03-31 00:04,200503310045,SV,C,W,7,NEW,ILC037,1642.110595703125,2005-03-31 00:04,,,,,False,,,,,,,200503310004-KLOT-WUUS53-SVRLOT,KREIN,2005
LOT,2005-03-31 00:55,2005-03-31 02:00,2005-03-31 00:55,200503310200,SV,C,W,12,NEW,ILC043,870.2639770507812,2005-03-31 00:55,,,,,False,,,,,,,200503310055-KLOT-WUUS53-SVRLOT,KREIN,2005
LOT,2005-06-30 09:37,2005-06-30 10:12,2005-06-30 09:37,200506301015,SV,C,W,72,CAN,ILC043,870.2639770507812,2005-06-30 10:12,,,,,False,,,,,,,200506300937-KLOT-WUUS53-SVRLOT,MARSILI,2005
LOT,2005-07-04 18:11,2005-07-04 18:58,2005-07-04 18:11,200507041900,SV,C,W,75,CAN,ILC063,1113.20361328125,2005-07-04 18:58,,,,,False,,,,,,,200507041811-KLOT-WUUS53-SVRLOT,MERZLOCK,2005
LOT,2005-05-11 11:19,2005-05-11 11:45,2005-05-11 11:19,200505111145,SV,C,W,19,CON,ILC063,1113.20361328125,2005-05-11 11:35,,,,,False,,,,,,,200505111119-KLOT-WUUS53-SVRLOT,MERZLOCK,2005
LOT,2005-06-04 18:28,2005-06-04 18:59,2005-06-04 18:28,200506041915,SV,C,W,40,CAN,ILC063,1113.20361328125,2005-06-04 18:59,,,,,False,,,,,,,200506041828-KLOT-WUUS53-SVRLOT,KREIN,2005
LOT,2005-06-29 16:50,2005-06-29 17:30,2005-06-29 16:50,200506291730,SV,C,W,70,CON,ILC075,2892.026123046875,2005-06-29 17:20,,,,,False,,,,,,,200506291650-KLOT-WUUS53-SVRLOT,WILSON,2005
LOT,2005-07-26 23:08,2005-07-26 23:58,2005-07-26 23:08,200507270000,TO,C,W,10,CAN,ILC075,2892.026123046875,2005-07-26 23:58,,,,,False,,,,,,,200507262308-KLOT-WFUS53-TORLOT,FISHER,2005
LOT,2005-07-21 23:54,2005-07-22 00:45,2005-07-21 23:54,200507220045,SV,C,W,84,CON,ILC075,2892.026123046875,2005-07-22 00:35,,,,,False,,,,,,,200507212354-KLOT-WUUS53-SVRLOT,BRUMER,2005
LOT,2005-07-21 01:13,2005-07-21 02:00,2005-07-21 01:13,200507210200,SV,C,W,80,CAN,ILC075,2892.026123046875,2005-07-21 02:00,,,,,False,,,,,,,200507210113-KLOT-WUUS53-SVRLOT,MARSILI,2005
LOT,2005-07-21 00:30,2005-07-21 01:15,2005-07-21 00:30,200507210115,SV,C,W,79,CON,ILC075,2892.026123046875,2005-07-21 01:06,,,,,False,,,,,,,200507210030-KLOT-WUUS53-SVRLOT,MARSILI,2005
LOT,2005-06-05 19:24,2005-06-05 20:00,2005-06-05 19:24,200506052000,TO,C,W,7,CON,ILC075,2892.026123046875,2005-06-05 19:34,,,,,False,,,,,,,200506051924-KLOT-WFUS53-TORLOT,MERZLOCK,2005
LOT,2005-07-26 22:58,2005-07-26 23:45,2005-07-26 22:58,200507262345,SV,C,W,95,NEW,ILC075,2892.026123046875,2005-07-26 22:58,,,,,False,,,,,,,200507262258-KLOT-WUUS53-SVRLOT,FISHER,2005
LOT,2005-05-19 22:38,2005-05-19 23:45,2005-05-19 22:38,200505192345,SV,C,W,35,CON,ILC075,2892.026123046875,2005-05-19 23:22,,,,,False,,,,,,,200505192238-KLOT-WUUS53-SVRLOT,KREIN,2005
LOT,2005-07-22 00:42,2005-07-22 01:09,2005-07-22 00:42,200507220130,SV,C,W,86,CAN,ILC075,2892.026123046875,2005-07-22 01:09,,,,,False,,,,,,,200507220042-KLOT-WUUS53-SVRLOT,BRUMER,2005
LOT,2005-07-21 04:57,2005-07-21 05:45,2005-07-21 04:57,200507210545,SV,C,W,82,EXP,ILC075,2892.026123046875,2005-07-21 05:45,,,,,False,,,,,,,200507210457-KLOT-WUUS53-SVRLOT,MERZLOCK,2005
LOT,2005-03-31 01:52,2005-03-31 02:15,2005-03-31 01:51,200503310215,SV,C,W,16,NEW,ILC091,1762.8453369140625,2005-03-31 01:52,,,,,False,,,,,,,200503310151-KLOT-WUUS53-SVRLOT,TRS,2005
LOT,2005-07-21 00:30,2005-07-21 01:15,2005-07-21 00:30,200507210115,SV,C,W,79,CON,ILC091,1762.8453369140625,2005-07-21 01:06,,,,,False,,,,,,,200507210030-KLOT-WUUS53-SVRLOT,MARSILI,2005
LOT,2005-03-31 01:11,2005-03-31 02:15,2005-03-31 01:10,200503310215,SV,C,W,14,CON,ILC091,1762.8453369140625,2005-03-31 02:06,,,,,False,,,,,,,200503310110-KLOT-WUUS53-SVRLOT,KREIN,2005
LOT,2005-03-30 22:16,2005-03-30 23:00,2005-03-30 22:15,200503302300,TO,C,W,6,CON,ILC093,834.3638305664062,2005-03-30 22:42,,,,,False,,,,,,,200503302215-KLOT-WFUS53-TORLOT,KREIN,2005
LOT,2005-05-11 11:19,2005-05-11 11:45,2005-05-11 11:19,200505111145,SV,C,W,19,CON,ILC093,834.3638305664062,2005-05-11 11:35,,,,,False,,,,,,,200505111119-KLOT-WUUS53-SVRLOT,MERZLOCK,2005
LOT,2005-07-26 21:16,2005-07-26 22:00,2005-07-26 21:16,200507262200,SV,C,W,93,NEW,ILC105,2704.226318359375,2005-07-26 21:16,,,,,False,,,,,,,200507262116-KLOT-WUUS53-SVRLOT,FISHER,2005
LOT,2005-04-01 16:07,2005-04-01 16:45,2005-04-01 16:00,200504011645,SV,C,W,18,NEW,ILC099,2969.55517578125,2005-04-01 16:07,,,,,False,,,,,,,200504011600-KLOT-WUUS53-SVRLOT,LABAS,2005
LOT,2005-03-30 22:00,2005-03-30 22:30,2005-03-30 22:00,200503302230,TO,C,W,5,CON,ILC099,2969.55517578125,2005-03-30 22:24,,,,,False,,,,,,,200503302200-KLOT-WFUS53-TORLOT,KREIN,2005
LOT,2005-06-08 20:16,2005-06-08 21:00,2005-06-08 20:16,200506082100,SV,C,W,58,EXP,ILC099,2969.55517578125,2005-06-08 21:00,,,,,False,,,,,,,200506082016-KLOT-WUUS53-SVRLOT,SOMREK,2005
LOT,2005-03-30 21:17,2005-03-30 22:00,2005-03-30 21:16,200503302200,TO,C,W,4,CON,ILC099,2969.55517578125,2005-03-30 21:34,,,,,False,,,,,,,200503302116-KLOT-WFUS53-TORLOT,KREIN,2005
LOT,2005-07-26 22:06,2005-07-26 22:40,2005-07-26 22:06,200507262245,SV,C,W,94,CAN,ILC105,2704.226318359375,2005-07-26 22:40,,,,,False,,,,,,,200507262206-KLOT-WUUS53-SVRLOT,FISHER,2005
LOT,2005-09-23 00:24,2005-09-23 01:15,2005-09-23 00:24,200509230115,TO,C,W,11,CAN,ILC105,2704.226318359375,2005-09-23 01:15,,,,,False,,,,,,,200509230024-KLOT-WFUS53-TORLOT,MARSILI,2005
LOT,2005-03-31 00:20,2005-03-31 01:15,2005-03-31 00:19,200503310115,SV,C,W,9,CON,ILC103,1886.0966796875,2005-03-31 00:49,,,,,False,,,,,,,200503310019-KLOT-WUUS53-SVRLOT,KREIN,2005
LOT,2005-07-26 21:44,2005-07-26 22:10,2005-07-26 21:44,200507262215,TO,C,W,9,CAN,ILC105,2704.226318359375,2005-07-26 22:10,,,,,False,,,,,,,200507262144-KLOT-WFUS53-TORLOT,FISHER,2005
LOT,2005-07-26 22:58,2005-07-26 23:45,2005-07-26 22:58,200507262345,SV,C,W,95,NEW,ILC105,2704.226318359375,2005-07-26 22:58,,,,,False,,,,,,,200507262258-KLOT-WUUS53-SVRLOT,FISHER,2005
LOT,2005-06-30 00:15,2005-06-30 00:42,2005-06-30 00:15,200506300045,SV,C,W,71,CAN,ILC105,2704.226318359375,2005-06-30 00:42,,,,,False,,,,,,,200506300015-KLOT-WUUS53-SVRLOT,MERZLOCK,2005
LOT,2005-03-30 21:17,2005-03-30 22:00,2005-03-30 21:16,200503302200,TO,C,W,4,CON,ILC105,2704.226318359375,2005-03-30 21:34,,,,,False,,,,,,,200503302116-KLOT-WFUS53-TORLOT,KREIN,2005
LOT,2005-07-22 00:09,2005-07-22 00:57,2005-07-22 00:09,200507220100,SV,C,W,85,CAN,ILC105,2704.226318359375,2005-07-22 00:57,,,,,False,,,,,,,200507220009-KLOT-WUUS53-SVRLOT,MARSILI,2005
LOT,2005-08-05 00:05,2005-08-05 00:35,2005-08-05 00:05,200508050030,SV,C,W,97,EXP,ILC105,2704.226318359375,2005-08-05 00:35,,,,,False,,,,,,,200508050005-KLOT-WUUS53-SVRLOT,MERZLOCK,2005
LOT,2005-03-07 07:11,2005-03-07 08:55,2005-03-07 07:10,200503070745,SV,C,W,1,CAN,ILC111,1580.3455810546875,2005-03-07 08:55,,,,,False,,,,,,,200503070710-KLOT-WUUS53-SVRLOT,WILSON,2005
LOT,2005-05-19 21:33,2005-05-19 22:30,2005-05-19 21:33,200505192230,SV,C,W,29,CON,ILC111,1580.3455810546875,2005-05-19 22:21,,,,,False,,,,,,,200505192133-KLOT-WUUS53-SVRLOT,RATZER,2005
LOT,2005-06-11 19:16,2005-06-11 19:55,2005-06-11 19:16,200506112000,SV,C,W,63,CAN,ILC141,1973.802001953125,2005-06-11 19:55,,,,,False,,,,,,,200506111916-KLOT-WUUS53-SVRLOT,WILSON,2005
LOT,2005-06-26 20:51,2005-06-26 21:11,2005-06-26 20:51,200506262130,SV,C,W,68,CAN,ILC141,1973.802001953125,2005-06-26 21:11,,,,,False,,,,,,,200506262051-KLOT-WUUS53-SVRLOT,WILSON,2005
LOT,2005-06-04 21:58,2005-06-04 22:38,2005-06-04 21:58,200506042300,SV,C,W,44,CAN,ILC197,2196.546142578125,2005-06-04 22:38,,,,,False,,,,,,,200506042158-KLOT-WUUS53-SVRLOT,KREIN,2005
LOT,2005-10-02 22:17,2005-10-02 22:39,2005-10-02 22:17,200510022300,SV,C,W,120,CAN,ILC197,2196.546142578125,2005-10-02 22:39,,,,,False,,,,,,,200510022217-KLOT-WUUS53-SVRLOT,MARSILI,2005
LOT,2005-06-11 19:43,2005-06-11 20:20,2005-06-11 19:43,200506112030,SV,C,W,64,CAN,ILC201,1342.6602783203125,2005-06-11 20:20,,,,,False,,,,,,,200506111943-KLOT-WUUS53-SVRLOT,MARSILI,2005
LOT,2005-06-05 03:36,2005-06-05 04:15,2005-06-05 03:36,200506050415,SV,C,W,48,EXP,ILC201,1342.6602783203125,2005-06-05 04:15,,,,,False,,,,,,,200506050336-KLOT-WUUS53-SVRLOT,RATZER,2005
LOT,2005-06-11 19:16,2005-06-11 19:55,2005-06-11 19:16,200506112000,SV,C,W,63,CAN,ILC201,1342.6602783203125,2005-06-11 19:55,,,,,False,,,,,,,200506111916-KLOT-WUUS53-SVRLOT,WILSON,2005
LOT,2005-06-04 19:09,2005-06-04 19:50,2005-06-04 19:09,200506042000,SV,C,W,42,CAN,INC089,1297.9404296875,2005-06-04 19:50,,,,,False,,,,,,,200506041909-KLOT-WUUS53-SVRLOT,KREIN,2005
LOT,2005-03-31 02:16,2005-03-31 02:33,2005-03-31 02:15,200503310230,SV,C,W,17,EXP,INC089,1297.9404296875,2005-03-31 02:33,,,,,False,,,,,,,200503310215-KLOT-WUUS53-SVRLOT,TRS,2005
LOT,2005-06-05 19:24,2005-06-05 20:00,2005-06-05 19:24,200506052000,TO,C,W,7,CON,INC111,1043.9666748046875,2005-06-05 19:34,,,,,False,,,,,,,200506051924-KLOT-WFUS53-TORLOT,MERZLOCK,2005
LOT,2005-07-21 01:13,2005-07-21 02:00,2005-07-21 01:13,200507210200,SV,C,W,80,CAN,INC111,1043.9666748046875,2005-07-21 02:00,,,,,False,,,,,,,200507210113-KLOT-WUUS53-SVRLOT,MARSILI,2005
LOT,2005-06-04 22:35,2005-06-05 01:30,2005-06-04 22:35,200506050130,FF,C,W,1,CON,ILC197,2196.546142578125,2005-06-05 00:02,,,,,False,,,,,,,200506042235-KLOT-WGUS53-FFWLOT-CCA,WILSON,2005
LOT,2005-06-04 22:35,2005-06-05 01:30,2005-06-04 22:35,200506050130,FF,C,W,1,CON,ILC031,2478.141845703125,2005-06-05 00:02,,,,,False,,,,,,,200506042235-KLOT-WGUS53-FFWLOT-CCA,WILSON,2005
LOT,2005-06-04 22:35,2005-06-05 01:30,2005-06-04 22:35,200506050130,FF,C,W,1,CON,INC089,1297.9404296875,2005-06-05 00:02,,,,,False,,,,,,,200506042235-KLOT-WGUS53-FFWLOT-CCA,WILSON,2005
